leg,instrument_name,strike,option_type,expiry,entry_price,entry_iv,entry_underlying,entry_gap_hours,data_quality_ok,session_start,session_close,session_type,spot_at_open
atm_call,BTC-5JAN25-98000-C,98000.0,C,2025-01-05 00:00:00+00:00,0.0055,20.91,,0.35,True,2025-01-04 08:00:00+00:00,2025-01-05 08:00:00+00:00,weekend,97886.86
atm_put,BTC-5JAN25-98000-P,98000.0,P,2025-01-05 00:00:00+00:00,0.0032,20.84,,0.18,True,2025-01-04 08:00:00+00:00,2025-01-05 08:00:00+00:00,weekend,97886.86
otm_call,BTC-5JAN25-102000-C,102000.0,C,2025-01-05 00:00:00+00:00,0.0002,40.16,,1.06,True,2025-01-04 08:00:00+00:00,2025-01-05 08:00:00+00:00,weekend,97886.86
otm_put,BTC-5JAN25-86000-P,86000.0,P,2025-01-05 00:00:00+00:00,0.0004,123.59,,0.6,True,2025-01-04 08:00:00+00:00,2025-01-05 08:00:00+00:00,weekend,97886.86
atm_call,BTC-7JAN25-99000-C,99000.0,C,2025-01-07 00:00:00+00:00,0.01,46.53,,0.73,True,2025-01-06 08:00:00+00:00,2025-01-07 08:00:00+00:00,weekday,99014.89
atm_put,BTC-7JAN25-99000-P,99000.0,P,2025-01-07 00:00:00+00:00,0.0075,44.97,,0.01,True,2025-01-06 08:00:00+00:00,2025-01-07 08:00:00+00:00,weekday,99014.89
otm_call,BTC-7JAN25-106000-C,106000.0,C,2025-01-07 00:00:00+00:00,0.0001,53.28,,0.02,True,2025-01-06 08:00:00+00:00,2025-01-07 08:00:00+00:00,weekday,99014.89
otm_put,BTC-7JAN25-92000-P,92000.0,P,2025-01-07 00:00:00+00:00,0.0002,68.94,,0.69,True,2025-01-06 08:00:00+00:00,2025-01-07 08:00:00+00:00,weekday,99014.89
atm_call,BTC-12JAN25-94500-C,94500.0,C,2025-01-12 00:00:00+00:00,0.0042,26.9,,0.09,True,2025-01-11 08:00:00+00:00,2025-01-12 08:00:00+00:00,weekend,94047.39
atm_put,BTC-12JAN25-94000-P,94000.0,P,2025-01-12 00:00:00+00:00,0.0038,23.65,,0.1,True,2025-01-11 08:00:00+00:00,2025-01-12 08:00:00+00:00,weekend,94047.39
otm_call,BTC-12JAN25-98000-C,98000.0,C,2025-01-12 00:00:00+00:00,0.0001,35.12,,0.68,True,2025-01-11 08:00:00+00:00,2025-01-12 08:00:00+00:00,weekend,94047.39
otm_put,BTC-12JAN25-88000-P,88000.0,P,2025-01-12 00:00:00+00:00,0.0002,62.98,,0.19,True,2025-01-11 08:00:00+00:00,2025-01-12 08:00:00+00:00,weekend,94047.39
atm_call,BTC-14JAN25-93000-C,93000.0,C,2025-01-14 00:00:00+00:00,0.011,58.22,,1.48,True,2025-01-13 08:00:00+00:00,2025-01-14 08:00:00+00:00,weekday,92978.1
atm_put,BTC-14JAN25-93000-P,93000.0,P,2025-01-14 00:00:00+00:00,0.011,55.52,,0.49,True,2025-01-13 08:00:00+00:00,2025-01-14 08:00:00+00:00,weekday,92978.1
otm_call,BTC-14JAN25-100000-C,100000.0,C,2025-01-14 00:00:00+00:00,0.0001,57.66,,0.53,True,2025-01-13 08:00:00+00:00,2025-01-14 08:00:00+00:00,weekday,92978.1
otm_put,BTC-14JAN25-84000-P,84000.0,P,2025-01-14 00:00:00+00:00,0.0002,88.86,,1.25,True,2025-01-13 08:00:00+00:00,2025-01-14 08:00:00+00:00,weekday,92978.1
atm_call,BTC-19JAN25-103000-C,103000.0,C,2025-01-19 00:00:00+00:00,0.006,40.45,,0.4,True,2025-01-18 08:00:00+00:00,2025-01-19 08:00:00+00:00,weekend,103237.48
atm_put,BTC-19JAN25-103000-P,103000.0,P,2025-01-19 00:00:00+00:00,0.0065,35.6,,0.86,True,2025-01-18 08:00:00+00:00,2025-01-19 08:00:00+00:00,weekend,103237.48
otm_call,BTC-19JAN25-112000-C,112000.0,C,2025-01-19 00:00:00+00:00,0.0001,68.58,,1.97,True,2025-01-18 08:00:00+00:00,2025-01-19 08:00:00+00:00,weekend,103237.48
otm_put,BTC-19JAN25-97000-P,97000.0,P,2025-01-19 00:00:00+00:00,0.0001,46.33,,0.41,True,2025-01-18 08:00:00+00:00,2025-01-19 08:00:00+00:00,weekend,103237.48
atm_call,BTC-21JAN25-108000-C,108000.0,C,2025-01-21 00:00:00+00:00,0.0215,110.03,,1.58,True,2025-01-20 08:00:00+00:00,2025-01-21 08:00:00+00:00,weekday,108178.16
atm_put,BTC-21JAN25-108000-P,108000.0,P,2025-01-21 00:00:00+00:00,0.019,106.54,,1.3,True,2025-01-20 08:00:00+00:00,2025-01-21 08:00:00+00:00,weekday,108178.16
otm_call,BTC-21JAN25-122000-C,122000.0,C,2025-01-21 00:00:00+00:00,0.0016,139.5,,1.24,True,2025-01-20 08:00:00+00:00,2025-01-21 08:00:00+00:00,weekday,108178.16
otm_put,BTC-21JAN25-92000-P,92000.0,P,2025-01-21 00:00:00+00:00,0.0002,138.64,,1.22,True,2025-01-20 08:00:00+00:00,2025-01-21 08:00:00+00:00,weekday,108178.16
atm_call,BTC-26JAN25-104500-C,104500.0,C,2025-01-26 00:00:00+00:00,0.0045,23.4,,0.11,True,2025-01-25 08:00:00+00:00,2025-01-26 08:00:00+00:00,weekend,104327.96
atm_put,BTC-26JAN25-104500-P,104500.0,P,2025-01-26 00:00:00+00:00,0.006,22.58,,0.64,True,2025-01-25 08:00:00+00:00,2025-01-26 08:00:00+00:00,weekend,104327.96
otm_call,BTC-26JAN25-114000-C,114000.0,C,2025-01-26 00:00:00+00:00,0.0001,71.59,,1.07,True,2025-01-25 08:00:00+00:00,2025-01-26 08:00:00+00:00,weekend,104327.96
otm_put,BTC-26JAN25-101000-P,101000.0,P,2025-01-26 00:00:00+00:00,0.0001,30.05,,0.1,True,2025-01-25 08:00:00+00:00,2025-01-26 08:00:00+00:00,weekend,104327.96
atm_call,BTC-28JAN25-99000-C,99000.0,C,2025-01-28 00:00:00+00:00,0.017,74.31,,1.21,True,2025-01-27 08:00:00+00:00,2025-01-28 08:00:00+00:00,weekday,98994.19
atm_put,BTC-28JAN25-99000-P,99000.0,P,2025-01-28 00:00:00+00:00,0.0135,73.67,,1.1,True,2025-01-27 08:00:00+00:00,2025-01-28 08:00:00+00:00,weekday,98994.19
otm_call,BTC-28JAN25-112000-C,112000.0,C,2025-01-28 00:00:00+00:00,0.0001,96.41,,1.72,True,2025-01-27 08:00:00+00:00,2025-01-28 08:00:00+00:00,weekday,98994.19
otm_put,BTC-28JAN25-92000-P,92000.0,P,2025-01-28 00:00:00+00:00,0.0012,96.18,,1.13,True,2025-01-27 08:00:00+00:00,2025-01-28 08:00:00+00:00,weekday,98994.19
atm_call,BTC-2FEB25-102500-C,102500.0,C,2025-02-02 00:00:00+00:00,0.0024,20.8,,0.64,True,2025-02-01 08:00:00+00:00,2025-02-02 08:00:00+00:00,weekend,101996.59
atm_put,BTC-2FEB25-102000-P,102000.0,P,2025-02-02 00:00:00+00:00,0.0055,18.59,,1.62,True,2025-02-01 08:00:00+00:00,2025-02-02 08:00:00+00:00,weekend,101996.59
otm_call,BTC-2FEB25-105000-C,105000.0,C,2025-02-02 00:00:00+00:00,0.0002,30.54,,0.57,True,2025-02-01 08:00:00+00:00,2025-02-02 08:00:00+00:00,weekend,101996.59
otm_put,BTC-2FEB25-94000-P,94000.0,P,2025-02-02 00:00:00+00:00,0.0002,71.83,,1.84,True,2025-02-01 08:00:00+00:00,2025-02-02 08:00:00+00:00,weekend,101996.59
atm_call,BTC-4FEB25-95500-C,95500.0,C,2025-02-04 00:00:00+00:00,0.013,70.88,,0.88,True,2025-02-03 08:00:00+00:00,2025-02-04 08:00:00+00:00,weekday,95417.12
atm_put,BTC-4FEB25-95500-P,95500.0,P,2025-02-04 00:00:00+00:00,0.012,69.75,,1.22,True,2025-02-03 08:00:00+00:00,2025-02-04 08:00:00+00:00,weekday,95417.12
otm_call,BTC-4FEB25-108000-C,108000.0,C,2025-02-04 00:00:00+00:00,0.0001,96.85,,0.95,True,2025-02-03 08:00:00+00:00,2025-02-04 08:00:00+00:00,weekday,95417.12
otm_put,BTC-4FEB25-86000-P,86000.0,P,2025-02-04 00:00:00+00:00,0.0004,98.1,,0.87,True,2025-02-03 08:00:00+00:00,2025-02-04 08:00:00+00:00,weekday,95417.12
atm_call,BTC-9FEB25-96000-C,96000.0,C,2025-02-09 00:00:00+00:00,0.0055,20.89,,0.12,True,2025-02-08 08:00:00+00:00,2025-02-09 08:00:00+00:00,weekend,95888.38
atm_put,BTC-9FEB25-96000-P,96000.0,P,2025-02-09 00:00:00+00:00,0.0037,23.41,,0.08,True,2025-02-08 08:00:00+00:00,2025-02-09 08:00:00+00:00,weekend,95888.38
otm_call,BTC-9FEB25-101000-C,101000.0,C,2025-02-09 00:00:00+00:00,0.0001,41.45,,0.09,True,2025-02-08 08:00:00+00:00,2025-02-09 08:00:00+00:00,weekend,95888.38
otm_put,BTC-9FEB25-88000-P,88000.0,P,2025-02-09 00:00:00+00:00,0.0001,71.68,,0.09,True,2025-02-08 08:00:00+00:00,2025-02-09 08:00:00+00:00,weekend,95888.38
atm_call,BTC-11FEB25-97500-C,97500.0,C,2025-02-11 00:00:00+00:00,0.011,46.82,,1.27,True,2025-02-10 08:00:00+00:00,2025-02-11 08:00:00+00:00,weekday,97705.02
atm_put,BTC-11FEB25-97500-P,97500.0,P,2025-02-11 00:00:00+00:00,0.009,49.29,,0.5,True,2025-02-10 08:00:00+00:00,2025-02-11 08:00:00+00:00,weekday,97705.02
otm_call,BTC-11FEB25-104000-C,104000.0,C,2025-02-11 00:00:00+00:00,0.0001,51.08,,0.26,True,2025-02-10 08:00:00+00:00,2025-02-11 08:00:00+00:00,weekday,97705.02
otm_put,BTC-11FEB25-86000-P,86000.0,P,2025-02-11 00:00:00+00:00,0.0001,101.72,,1.31,True,2025-02-10 08:00:00+00:00,2025-02-11 08:00:00+00:00,weekday,97705.02
atm_call,BTC-16FEB25-97500-C,97500.0,C,2025-02-16 00:00:00+00:00,0.0032,15.96,,0.09,True,2025-02-15 08:00:00+00:00,2025-02-16 08:00:00+00:00,weekend,97533.28
atm_put,BTC-16FEB25-97500-P,97500.0,P,2025-02-16 00:00:00+00:00,0.003,16.36,,0.65,True,2025-02-15 08:00:00+00:00,2025-02-16 08:00:00+00:00,weekend,97533.28
otm_call,BTC-16FEB25-104000-C,104000.0,C,2025-02-16 00:00:00+00:00,0.0001,53.77,,1.3,True,2025-02-15 08:00:00+00:00,2025-02-16 08:00:00+00:00,weekend,97533.28
otm_put,BTC-16FEB25-95000-P,95000.0,P,2025-02-16 00:00:00+00:00,0.0003,29.37,,0.1,True,2025-02-15 08:00:00+00:00,2025-02-16 08:00:00+00:00,weekend,97533.28
atm_call,BTC-18FEB25-96000-C,96000.0,C,2025-02-18 00:00:00+00:00,0.009,39.93,,0.79,True,2025-02-17 08:00:00+00:00,2025-02-18 08:00:00+00:00,weekday,96151.68
atm_put,BTC-18FEB25-96000-P,96000.0,P,2025-02-18 00:00:00+00:00,0.007,38.94,,0.25,True,2025-02-17 08:00:00+00:00,2025-02-18 08:00:00+00:00,weekday,96151.68
otm_call,BTC-18FEB25-103000-C,103000.0,C,2025-02-18 00:00:00+00:00,0.0001,56.73,,0.32,True,2025-02-17 08:00:00+00:00,2025-02-18 08:00:00+00:00,weekday,96151.68
otm_put,BTC-18FEB25-88000-P,88000.0,P,2025-02-18 00:00:00+00:00,0.0001,71.2,,0.36,True,2025-02-17 08:00:00+00:00,2025-02-18 08:00:00+00:00,weekday,96151.68
atm_call,BTC-23FEB25-96000-C,96000.0,C,2025-02-23 00:00:00+00:00,0.005,19.48,,0.77,True,2025-02-22 08:00:00+00:00,2025-02-23 08:00:00+00:00,weekend,96196.89
atm_put,BTC-23FEB25-96000-P,96000.0,P,2025-02-23 00:00:00+00:00,0.0032,22.78,,0.09,True,2025-02-22 08:00:00+00:00,2025-02-23 08:00:00+00:00,weekend,96196.89
otm_call,BTC-23FEB25-103000-C,103000.0,C,2025-02-23 00:00:00+00:00,0.0001,56.17,,0.28,True,2025-02-22 08:00:00+00:00,2025-02-23 08:00:00+00:00,weekend,96196.89
otm_put,BTC-23FEB25-92000-P,92000.0,P,2025-02-23 00:00:00+00:00,0.0001,40.07,,0.09,True,2025-02-22 08:00:00+00:00,2025-02-23 08:00:00+00:00,weekend,96196.89
atm_call,BTC-25FEB25-95500-C,95500.0,C,2025-02-25 00:00:00+00:00,0.01,40.4,,1.43,True,2025-02-24 08:00:00+00:00,2025-02-25 08:00:00+00:00,weekday,95524.92
atm_put,BTC-25FEB25-95500-P,95500.0,P,2025-02-25 00:00:00+00:00,0.0075,37.06,,0.61,True,2025-02-24 08:00:00+00:00,2025-02-25 08:00:00+00:00,weekday,95524.92
otm_call,BTC-25FEB25-103000-C,103000.0,C,2025-02-25 00:00:00+00:00,0.0002,65.18,,1.63,True,2025-02-24 08:00:00+00:00,2025-02-25 08:00:00+00:00,weekday,95524.92
otm_put,BTC-25FEB25-90000-P,90000.0,P,2025-02-25 00:00:00+00:00,0.0002,55.4,,0.55,True,2025-02-24 08:00:00+00:00,2025-02-25 08:00:00+00:00,weekday,95524.92
atm_call,BTC-2MAR25-85500-C,85500.0,C,2025-03-02 00:00:00+00:00,0.0039,30.91,,0.25,True,2025-03-01 08:00:00+00:00,2025-03-02 08:00:00+00:00,weekend,85279.43
atm_put,BTC-2MAR25-85000-P,85000.0,P,2025-03-02 00:00:00+00:00,0.0055,29.88,,0.35,True,2025-03-01 08:00:00+00:00,2025-03-02 08:00:00+00:00,weekend,85279.43
otm_call,BTC-2MAR25-90000-C,90000.0,C,2025-03-02 00:00:00+00:00,0.0001,47.69,,0.28,True,2025-03-01 08:00:00+00:00,2025-03-02 08:00:00+00:00,weekend,85279.43
otm_put,BTC-2MAR25-77000-P,77000.0,P,2025-03-02 00:00:00+00:00,0.0001,79.51,,0.36,True,2025-03-01 08:00:00+00:00,2025-03-02 08:00:00+00:00,weekend,85279.43
atm_call,BTC-4MAR25-91000-C,91000.0,C,2025-03-04 00:00:00+00:00,0.0155,63.87,,1.38,True,2025-03-03 08:00:00+00:00,2025-03-04 08:00:00+00:00,weekday,91448.22
atm_put,BTC-4MAR25-91500-P,91500.0,P,2025-03-04 00:00:00+00:00,0.0105,55.35,,1.25,True,2025-03-03 08:00:00+00:00,2025-03-04 08:00:00+00:00,weekday,91448.22
otm_call,BTC-4MAR25-100000-C,100000.0,C,2025-03-04 00:00:00+00:00,0.0001,72.96,,1.38,True,2025-03-03 08:00:00+00:00,2025-03-04 08:00:00+00:00,weekday,91448.22
otm_put,BTC-4MAR25-80000-P,80000.0,P,2025-03-04 00:00:00+00:00,0.0001,104.33,,1.37,True,2025-03-03 08:00:00+00:00,2025-03-04 08:00:00+00:00,weekday,91448.22
atm_call,BTC-9MAR25-86000-C,86000.0,C,2025-03-09 00:00:00+00:00,0.007,32.68,,1.74,True,2025-03-08 08:00:00+00:00,2025-03-09 08:00:00+00:00,weekend,86037.4
atm_put,BTC-9MAR25-86000-P,86000.0,P,2025-03-09 00:00:00+00:00,0.006,32.57,,0.86,True,2025-03-08 08:00:00+00:00,2025-03-09 08:00:00+00:00,weekend,86037.4
otm_call,BTC-9MAR25-91000-C,91000.0,C,2025-03-09 00:00:00+00:00,0.0001,47.05,,1.05,True,2025-03-08 08:00:00+00:00,2025-03-09 08:00:00+00:00,weekend,86037.4
otm_put,BTC-9MAR25-82000-P,82000.0,P,2025-03-09 00:00:00+00:00,0.0004,53.29,,0.97,True,2025-03-08 08:00:00+00:00,2025-03-09 08:00:00+00:00,weekend,86037.4
atm_call,BTC-11MAR25-82000-C,82000.0,C,2025-03-11 00:00:00+00:00,0.0235,73.18,,1.37,True,2025-03-10 08:00:00+00:00,2025-03-11 08:00:00+00:00,weekday,81344.11
atm_put,BTC-11MAR25-81500-P,81500.0,P,2025-03-11 00:00:00+00:00,0.0065,70.66,,1.31,True,2025-03-10 08:00:00+00:00,2025-03-11 08:00:00+00:00,weekday,81344.11
otm_call,BTC-11MAR25-94000-C,94000.0,C,2025-03-11 00:00:00+00:00,0.0001,96.32,,1.32,True,2025-03-10 08:00:00+00:00,2025-03-11 08:00:00+00:00,weekday,81344.11
otm_put,BTC-11MAR25-74000-P,74000.0,P,2025-03-11 00:00:00+00:00,0.0002,106.02,,1.42,True,2025-03-10 08:00:00+00:00,2025-03-11 08:00:00+00:00,weekday,81344.11
atm_call,BTC-16MAR25-84000-C,84000.0,C,2025-03-16 00:00:00+00:00,0.0038,22.22,,0.06,True,2025-03-15 08:00:00+00:00,2025-03-16 08:00:00+00:00,weekend,83904.83
atm_put,BTC-16MAR25-84000-P,84000.0,P,2025-03-16 00:00:00+00:00,0.005,21.59,,0.12,True,2025-03-15 08:00:00+00:00,2025-03-16 08:00:00+00:00,weekend,83904.83
otm_call,BTC-16MAR25-88000-C,88000.0,C,2025-03-16 00:00:00+00:00,0.0001,41.16,,0.16,True,2025-03-15 08:00:00+00:00,2025-03-16 08:00:00+00:00,weekend,83904.83
otm_put,BTC-16MAR25-74000-P,74000.0,P,2025-03-16 00:00:00+00:00,0.0001,95.64,,0.36,True,2025-03-15 08:00:00+00:00,2025-03-16 08:00:00+00:00,weekend,83904.83
atm_call,BTC-18MAR25-83500-C,83500.0,C,2025-03-18 00:00:00+00:00,0.011,53.74,,0.08,True,2025-03-17 08:00:00+00:00,2025-03-18 08:00:00+00:00,weekday,83526.48
atm_put,BTC-18MAR25-83500-P,83500.0,P,2025-03-18 00:00:00+00:00,0.0105,51.58,,0.02,True,2025-03-17 08:00:00+00:00,2025-03-18 08:00:00+00:00,weekday,83526.48
otm_call,BTC-18MAR25-92000-C,92000.0,C,2025-03-18 00:00:00+00:00,0.0001,76.43,,0.06,True,2025-03-17 08:00:00+00:00,2025-03-18 08:00:00+00:00,weekday,83526.48
otm_put,BTC-18MAR25-74000-P,74000.0,P,2025-03-18 00:00:00+00:00,0.0001,92.81,,0.07,True,2025-03-17 08:00:00+00:00,2025-03-18 08:00:00+00:00,weekday,83526.48
atm_call,BTC-23MAR25-84000-C,84000.0,C,2025-03-23 00:00:00+00:00,0.0049,16.24,,1.06,True,2025-03-22 08:00:00+00:00,2025-03-23 08:00:00+00:00,weekend,84206.51
atm_put,BTC-23MAR25-84000-P,84000.0,P,2025-03-23 00:00:00+00:00,0.0022,15.89,,0.38,True,2025-03-22 08:00:00+00:00,2025-03-23 08:00:00+00:00,weekend,84206.51
otm_call,BTC-23MAR25-90000-C,90000.0,C,2025-03-23 00:00:00+00:00,0.0001,55.45,,1.17,True,2025-03-22 08:00:00+00:00,2025-03-23 08:00:00+00:00,weekend,84206.51
otm_put,BTC-23MAR25-82000-P,82000.0,P,2025-03-23 00:00:00+00:00,0.0002,30.16,,1.48,True,2025-03-22 08:00:00+00:00,2025-03-23 08:00:00+00:00,weekend,84206.51
atm_call,BTC-25MAR25-87500-C,87500.0,C,2025-03-25 00:00:00+00:00,0.008,47.44,,0.24,True,2025-03-24 08:00:00+00:00,2025-03-25 08:00:00+00:00,weekday,87417.65
atm_put,BTC-25MAR25-87500-P,87500.0,P,2025-03-25 00:00:00+00:00,0.0105,46.35,,1.51,True,2025-03-24 08:00:00+00:00,2025-03-25 08:00:00+00:00,weekday,87417.65
otm_call,BTC-25MAR25-94000-C,94000.0,C,2025-03-25 00:00:00+00:00,0.0001,59.84,,0.68,True,2025-03-24 08:00:00+00:00,2025-03-25 08:00:00+00:00,weekday,87417.65
otm_put,BTC-25MAR25-76000-P,76000.0,P,2025-03-25 00:00:00+00:00,0.0001,109.01,,0.97,True,2025-03-24 08:00:00+00:00,2025-03-25 08:00:00+00:00,weekday,87417.65
atm_call,BTC-30MAR25-84000-C,84000.0,C,2025-03-30 00:00:00+00:00,0.0024,18.81,,1.49,True,2025-03-29 08:00:00+00:00,2025-03-30 08:00:00+00:00,weekend,83893.3
atm_put,BTC-30MAR25-83500-P,83500.0,P,2025-03-30 00:00:00+00:00,0.0029,22.23,,1.27,True,2025-03-29 08:00:00+00:00,2025-03-30 08:00:00+00:00,weekend,83893.3
otm_call,BTC-30MAR25-89000-C,89000.0,C,2025-03-30 00:00:00+00:00,0.0001,54.25,,1.82,True,2025-03-29 08:00:00+00:00,2025-03-30 08:00:00+00:00,weekend,83893.3
otm_put,BTC-30MAR25-76000-P,76000.0,P,2025-03-30 00:00:00+00:00,0.0001,79.52,,1.56,True,2025-03-29 08:00:00+00:00,2025-03-30 08:00:00+00:00,weekend,83893.3
atm_call,BTC-1APR25-82000-C,82000.0,C,2025-04-01 00:00:00+00:00,0.009,52.28,,1.17,True,2025-03-31 08:00:00+00:00,2025-04-01 08:00:00+00:00,weekday,81918.99
atm_put,BTC-1APR25-82000-P,82000.0,P,2025-04-01 00:00:00+00:00,0.01,54.19,,0.64,True,2025-03-31 08:00:00+00:00,2025-04-01 08:00:00+00:00,weekday,81918.99
otm_call,BTC-1APR25-88000-C,88000.0,C,2025-04-01 00:00:00+00:00,0.0001,62.97,,1.23,True,2025-03-31 08:00:00+00:00,2025-04-01 08:00:00+00:00,weekday,81918.99
otm_put,BTC-1APR25-74000-P,74000.0,P,2025-04-01 00:00:00+00:00,0.0003,96.01,,0.68,True,2025-03-31 08:00:00+00:00,2025-04-01 08:00:00+00:00,weekday,81918.99
atm_call,BTC-6APR25-83500-C,83500.0,C,2025-04-06 00:00:00+00:00,0.0065,30.95,,0.34,True,2025-04-05 08:00:00+00:00,2025-04-06 08:00:00+00:00,weekend,83498.36
atm_put,BTC-6APR25-83500-P,83500.0,P,2025-04-06 00:00:00+00:00,0.005,30.22,,1.47,True,2025-04-05 08:00:00+00:00,2025-04-06 08:00:00+00:00,weekend,83498.36
otm_call,BTC-6APR25-89000-C,89000.0,C,2025-04-06 00:00:00+00:00,0.0001,54.34,,0.47,True,2025-04-05 08:00:00+00:00,2025-04-06 08:00:00+00:00,weekend,83498.36
otm_put,BTC-6APR25-74000-P,74000.0,P,2025-04-06 00:00:00+00:00,0.0001,95.24,,0.96,True,2025-04-05 08:00:00+00:00,2025-04-06 08:00:00+00:00,weekend,83498.36
atm_call,BTC-8APR25-76000-C,76000.0,C,2025-04-08 00:00:00+00:00,0.023,100.21,,1.06,True,2025-04-07 08:00:00+00:00,2025-04-08 08:00:00+00:00,weekday,75039.76
atm_put,BTC-8APR25-75000-P,75000.0,P,2025-04-08 00:00:00+00:00,0.0115,103.47,,0.73,True,2025-04-07 08:00:00+00:00,2025-04-08 08:00:00+00:00,weekday,75039.76
otm_call,BTC-8APR25-86000-C,86000.0,C,2025-04-08 00:00:00+00:00,0.0003,105.13,,0.69,True,2025-04-07 08:00:00+00:00,2025-04-08 08:00:00+00:00,weekday,75039.76
otm_put,BTC-8APR25-67000-P,67000.0,P,2025-04-08 00:00:00+00:00,0.0009,141.16,,0.77,True,2025-04-07 08:00:00+00:00,2025-04-08 08:00:00+00:00,weekday,75039.76
atm_call,BTC-13APR25-83500-C,83500.0,C,2025-04-13 00:00:00+00:00,0.0065,30.85,,1.38,True,2025-04-12 08:00:00+00:00,2025-04-13 08:00:00+00:00,weekend,83699.25
atm_put,BTC-13APR25-83500-P,83500.0,P,2025-04-13 00:00:00+00:00,0.006,30.46,,0.5,True,2025-04-12 08:00:00+00:00,2025-04-13 08:00:00+00:00,weekend,83699.25
otm_call,BTC-13APR25-92000-C,92000.0,C,2025-04-13 00:00:00+00:00,0.0001,78.0,,1.26,True,2025-04-12 08:00:00+00:00,2025-04-13 08:00:00+00:00,weekend,83699.25
otm_put,BTC-13APR25-72000-P,72000.0,P,2025-04-13 00:00:00+00:00,0.0001,115.01,,1.26,True,2025-04-12 08:00:00+00:00,2025-04-13 08:00:00+00:00,weekend,83699.25
atm_call,BTC-15APR25-84500-C,84500.0,C,2025-04-15 00:00:00+00:00,0.0125,55.96,,0.02,True,2025-04-14 08:00:00+00:00,2025-04-15 08:00:00+00:00,weekday,84567.48
atm_put,BTC-15APR25-84500-P,84500.0,P,2025-04-15 00:00:00+00:00,0.0105,54.14,,0.01,True,2025-04-14 08:00:00+00:00,2025-04-15 08:00:00+00:00,weekday,84567.48
otm_call,BTC-15APR25-94000-C,94000.0,C,2025-04-15 00:00:00+00:00,0.0001,81.06,,0.14,True,2025-04-14 08:00:00+00:00,2025-04-15 08:00:00+00:00,weekday,84567.48
otm_put,BTC-15APR25-74000-P,74000.0,P,2025-04-15 00:00:00+00:00,0.0001,102.26,,0.3,True,2025-04-14 08:00:00+00:00,2025-04-15 08:00:00+00:00,weekday,84567.48
atm_call,BTC-20APR25-85000-C,85000.0,C,2025-04-20 00:00:00+00:00,0.0055,17.25,,1.04,True,2025-04-19 08:00:00+00:00,2025-04-20 08:00:00+00:00,weekend,85214.06
atm_put,BTC-20APR25-85000-P,85000.0,P,2025-04-20 00:00:00+00:00,0.0018,16.73,,0.69,True,2025-04-19 08:00:00+00:00,2025-04-20 08:00:00+00:00,weekend,85214.06
otm_call,BTC-20APR25-90000-C,90000.0,C,2025-04-20 00:00:00+00:00,0.0001,45.2,,0.7,True,2025-04-19 08:00:00+00:00,2025-04-20 08:00:00+00:00,weekend,85214.06
otm_put,BTC-20APR25-83500-P,83500.0,P,2025-04-20 00:00:00+00:00,0.0003,26.47,,0.82,True,2025-04-19 08:00:00+00:00,2025-04-20 08:00:00+00:00,weekend,85214.06
atm_call,BTC-22APR25-87500-C,87500.0,C,2025-04-22 00:00:00+00:00,0.009,41.07,,0.75,True,2025-04-21 08:00:00+00:00,2025-04-22 08:00:00+00:00,weekday,87432.69
atm_put,BTC-22APR25-87500-P,87500.0,P,2025-04-22 00:00:00+00:00,0.009,44.06,,1.28,True,2025-04-21 08:00:00+00:00,2025-04-22 08:00:00+00:00,weekday,87432.69
otm_call,BTC-22APR25-98000-C,98000.0,C,2025-04-22 00:00:00+00:00,0.0001,90.99,,1.5,True,2025-04-21 08:00:00+00:00,2025-04-22 08:00:00+00:00,weekday,87432.69
otm_put,BTC-22APR25-76000-P,76000.0,P,2025-04-22 00:00:00+00:00,0.0001,109.41,,1.5,True,2025-04-21 08:00:00+00:00,2025-04-22 08:00:00+00:00,weekday,87432.69
atm_call,BTC-27APR25-94500-C,94500.0,C,2025-04-27 00:00:00+00:00,0.0045,19.23,,0.58,True,2025-04-26 08:00:00+00:00,2025-04-27 08:00:00+00:00,weekend,94623.38
atm_put,BTC-27APR25-94500-P,94500.0,P,2025-04-27 00:00:00+00:00,0.0032,18.41,,0.55,True,2025-04-26 08:00:00+00:00,2025-04-27 08:00:00+00:00,weekend,94623.38
otm_call,BTC-27APR25-102000-C,102000.0,C,2025-04-27 00:00:00+00:00,0.0001,64.07,,1.05,True,2025-04-26 08:00:00+00:00,2025-04-27 08:00:00+00:00,weekend,94623.38
otm_put,BTC-27APR25-89000-P,89000.0,P,2025-04-27 00:00:00+00:00,0.0001,51.96,,0.63,True,2025-04-26 08:00:00+00:00,2025-04-27 08:00:00+00:00,weekend,94623.38
atm_call,BTC-29APR25-94500-C,94500.0,C,2025-04-29 00:00:00+00:00,0.009,36.93,,0.79,True,2025-04-28 08:00:00+00:00,2025-04-29 08:00:00+00:00,weekday,94726.69
atm_put,BTC-29APR25-94500-P,94500.0,P,2025-04-29 00:00:00+00:00,0.0065,38.01,,0.42,True,2025-04-28 08:00:00+00:00,2025-04-29 08:00:00+00:00,weekday,94726.69
otm_call,BTC-29APR25-106000-C,106000.0,C,2025-04-29 00:00:00+00:00,0.0001,87.0,,1.04,True,2025-04-28 08:00:00+00:00,2025-04-29 08:00:00+00:00,weekday,94726.69
otm_put,BTC-29APR25-86000-P,86000.0,P,2025-04-29 00:00:00+00:00,0.0001,78.04,,0.46,True,2025-04-28 08:00:00+00:00,2025-04-29 08:00:00+00:00,weekday,94726.69
atm_call,BTC-4MAY25-96500-C,96500.0,C,2025-05-04 00:00:00+00:00,0.0027,16.81,,0.94,True,2025-05-03 08:00:00+00:00,2025-05-04 08:00:00+00:00,weekend,96359.54
atm_put,BTC-4MAY25-96000-P,96000.0,P,2025-05-04 00:00:00+00:00,0.0024,19.22,,0.99,True,2025-05-03 08:00:00+00:00,2025-05-04 08:00:00+00:00,weekend,96359.54
otm_call,BTC-4MAY25-99000-C,99000.0,C,2025-05-04 00:00:00+00:00,0.0002,29.01,,1.49,True,2025-05-03 08:00:00+00:00,2025-05-04 08:00:00+00:00,weekend,96359.54
otm_put,BTC-4MAY25-94000-P,94000.0,P,2025-05-04 00:00:00+00:00,0.0002,27.14,,1.04,True,2025-05-03 08:00:00+00:00,2025-05-04 08:00:00+00:00,weekend,96359.54
atm_call,BTC-6MAY25-95000-C,95000.0,C,2025-05-06 00:00:00+00:00,0.0055,33.97,,0.16,True,2025-05-05 08:00:00+00:00,2025-05-06 08:00:00+00:00,weekday,94764.89
atm_put,BTC-6MAY25-95000-P,95000.0,P,2025-05-06 00:00:00+00:00,0.009,35.03,,0.15,True,2025-05-05 08:00:00+00:00,2025-05-06 08:00:00+00:00,weekday,94764.89
otm_call,BTC-6MAY25-101000-C,101000.0,C,2025-05-06 00:00:00+00:00,0.0001,55.44,,1.41,True,2025-05-05 08:00:00+00:00,2025-05-06 08:00:00+00:00,weekday,94764.89
otm_put,BTC-6MAY25-90000-P,90000.0,P,2025-05-06 00:00:00+00:00,0.0001,43.4,,0.58,True,2025-05-05 08:00:00+00:00,2025-05-06 08:00:00+00:00,weekday,94764.89
atm_call,BTC-11MAY25-104000-C,104000.0,C,2025-05-11 00:00:00+00:00,0.0047,26.72,,1.95,True,2025-05-10 08:00:00+00:00,2025-05-11 08:00:00+00:00,weekend,103779.9
atm_put,BTC-11MAY25-103500-P,103500.0,P,2025-05-11 00:00:00+00:00,0.0043,26.13,,0.85,True,2025-05-10 08:00:00+00:00,2025-05-11 08:00:00+00:00,weekend,103779.9
otm_call,BTC-11MAY25-108000-C,108000.0,C,2025-05-11 00:00:00+00:00,0.0002,40.61,,0.95,True,2025-05-10 08:00:00+00:00,2025-05-11 08:00:00+00:00,weekend,103779.9
otm_put,BTC-11MAY25-101000-P,101000.0,P,2025-05-11 00:00:00+00:00,0.0004,34.31,,0.82,True,2025-05-10 08:00:00+00:00,2025-05-11 08:00:00+00:00,weekend,103779.9
atm_call,BTC-13MAY25-104500-C,104500.0,C,2025-05-13 00:00:00+00:00,0.009,42.85,,0.81,True,2025-05-12 08:00:00+00:00,2025-05-13 08:00:00+00:00,weekday,104479.68
atm_put,BTC-13MAY25-104500-P,104500.0,P,2025-05-13 00:00:00+00:00,0.009,42.65,,0.7,True,2025-05-12 08:00:00+00:00,2025-05-13 08:00:00+00:00,weekday,104479.68
otm_call,BTC-13MAY25-112000-C,112000.0,C,2025-05-13 00:00:00+00:00,0.0001,58.18,,1.21,True,2025-05-12 08:00:00+00:00,2025-05-13 08:00:00+00:00,weekday,104479.68
otm_put,BTC-13MAY25-96000-P,96000.0,P,2025-05-13 00:00:00+00:00,0.0001,69.68,,1.37,True,2025-05-12 08:00:00+00:00,2025-05-13 08:00:00+00:00,weekday,104479.68
atm_call,BTC-18MAY25-103500-C,103500.0,C,2025-05-18 00:00:00+00:00,0.0025,15.12,,1.13,True,2025-05-17 08:00:00+00:00,2025-05-18 08:00:00+00:00,weekend,103476.63
atm_put,BTC-18MAY25-103500-P,103500.0,P,2025-05-18 00:00:00+00:00,0.0039,19.01,,0.78,True,2025-05-17 08:00:00+00:00,2025-05-18 08:00:00+00:00,weekend,103476.63
otm_call,BTC-18MAY25-108000-C,108000.0,C,2025-05-18 00:00:00+00:00,0.0001,42.23,,1.47,True,2025-05-17 08:00:00+00:00,2025-05-18 08:00:00+00:00,weekend,103476.63
otm_put,BTC-18MAY25-100000-P,100000.0,P,2025-05-18 00:00:00+00:00,0.0003,34.2,,1.71,True,2025-05-17 08:00:00+00:00,2025-05-18 08:00:00+00:00,weekend,103476.63
atm_call,BTC-20MAY25-103500-C,103500.0,C,2025-05-20 00:00:00+00:00,0.007,40.11,,0.64,True,2025-05-19 08:00:00+00:00,2025-05-20 08:00:00+00:00,weekday,103256.57
atm_put,BTC-20MAY25-103500-P,103500.0,P,2025-05-20 00:00:00+00:00,0.01,38.97,,1.9,True,2025-05-19 08:00:00+00:00,2025-05-20 08:00:00+00:00,weekday,103256.57
otm_call,BTC-20MAY25-109000-C,109000.0,C,2025-05-20 00:00:00+00:00,0.0003,54.79,,1.04,True,2025-05-19 08:00:00+00:00,2025-05-20 08:00:00+00:00,weekday,103256.57
otm_put,BTC-20MAY25-96000-P,96000.0,P,2025-05-20 00:00:00+00:00,0.0001,60.64,,0.86,True,2025-05-19 08:00:00+00:00,2025-05-20 08:00:00+00:00,weekday,103256.57
atm_call,BTC-25MAY25-108000-C,108000.0,C,2025-05-25 00:00:00+00:00,0.005,28.12,,0.13,True,2025-05-24 08:00:00+00:00,2025-05-25 08:00:00+00:00,weekend,107619.15
atm_put,BTC-25MAY25-107500-P,107500.0,P,2025-05-25 00:00:00+00:00,0.0046,28.81,,0.32,True,2025-05-24 08:00:00+00:00,2025-05-25 08:00:00+00:00,weekend,107619.15
otm_call,BTC-25MAY25-115000-C,115000.0,C,2025-05-25 00:00:00+00:00,0.0001,49.99,,1.05,True,2025-05-24 08:00:00+00:00,2025-05-25 08:00:00+00:00,weekend,107619.15
otm_put,BTC-25MAY25-98000-P,98000.0,P,2025-05-25 00:00:00+00:00,0.0001,76.2,,0.27,True,2025-05-24 08:00:00+00:00,2025-05-25 08:00:00+00:00,weekend,107619.15
atm_call,BTC-27MAY25-110000-C,110000.0,C,2025-05-27 00:00:00+00:00,0.008,37.04,,0.19,True,2025-05-26 08:00:00+00:00,2025-05-27 08:00:00+00:00,weekday,110156.05
atm_put,BTC-27MAY25-110000-P,110000.0,P,2025-05-27 00:00:00+00:00,0.007,34.68,,0.2,True,2025-05-26 08:00:00+00:00,2025-05-27 08:00:00+00:00,weekday,110156.05
otm_call,BTC-27MAY25-115000-C,115000.0,C,2025-05-27 00:00:00+00:00,0.0003,46.32,,0.41,True,2025-05-26 08:00:00+00:00,2025-05-27 08:00:00+00:00,weekday,110156.05
otm_put,BTC-27MAY25-100000-P,100000.0,P,2025-05-27 00:00:00+00:00,0.0001,75.45,,0.64,True,2025-05-26 08:00:00+00:00,2025-05-27 08:00:00+00:00,weekday,110156.05
atm_call,BTC-1JUN25-104000-C,104000.0,C,2025-06-01 00:00:00+00:00,0.0033,20.01,,0.12,True,2025-05-31 08:00:00+00:00,2025-06-01 08:00:00+00:00,weekend,103808.19
atm_put,BTC-1JUN25-104000-P,104000.0,P,2025-06-01 00:00:00+00:00,0.0065,22.44,,0.37,True,2025-05-31 08:00:00+00:00,2025-06-01 08:00:00+00:00,weekend,103808.19
otm_call,BTC-1JUN25-108000-C,108000.0,C,2025-06-01 00:00:00+00:00,0.0001,34.79,,0.01,True,2025-05-31 08:00:00+00:00,2025-06-01 08:00:00+00:00,weekend,103808.19
otm_put,BTC-1JUN25-96000-P,96000.0,P,2025-06-01 00:00:00+00:00,0.0001,63.55,,0.01,True,2025-05-31 08:00:00+00:00,2025-06-01 08:00:00+00:00,weekend,103808.19
atm_call,BTC-3JUN25-105500-C,105500.0,C,2025-06-03 00:00:00+00:00,0.0075,35.49,,0.74,True,2025-06-02 08:00:00+00:00,2025-06-03 08:00:00+00:00,weekday,105446.88
atm_put,BTC-3JUN25-105500-P,105500.0,P,2025-06-03 00:00:00+00:00,0.006,35.85,,0.58,True,2025-06-02 08:00:00+00:00,2025-06-03 08:00:00+00:00,weekday,105446.88
otm_call,BTC-3JUN25-110000-C,110000.0,C,2025-06-03 00:00:00+00:00,0.0001,36.76,,0.74,True,2025-06-02 08:00:00+00:00,2025-06-03 08:00:00+00:00,weekday,105446.88
otm_put,BTC-3JUN25-99000-P,99000.0,P,2025-06-03 00:00:00+00:00,0.0001,54.52,,0.71,True,2025-06-02 08:00:00+00:00,2025-06-03 08:00:00+00:00,weekday,105446.88
atm_call,BTC-8JUN25-105000-C,105000.0,C,2025-06-08 00:00:00+00:00,0.0034,16.23,,0.01,True,2025-06-07 08:00:00+00:00,2025-06-08 08:00:00+00:00,weekend,104955.07
atm_put,BTC-8JUN25-105000-P,105000.0,P,2025-06-08 00:00:00+00:00,0.0038,16.42,,0.4,True,2025-06-07 08:00:00+00:00,2025-06-08 08:00:00+00:00,weekend,104955.07
otm_call,BTC-8JUN25-108000-C,108000.0,C,2025-06-08 00:00:00+00:00,0.0001,26.22,,0.1,True,2025-06-07 08:00:00+00:00,2025-06-08 08:00:00+00:00,weekend,104955.07
otm_put,BTC-8JUN25-98000-P,98000.0,P,2025-06-08 00:00:00+00:00,0.0001,58.07,,1.69,True,2025-06-07 08:00:00+00:00,2025-06-08 08:00:00+00:00,weekend,104955.07
atm_call,BTC-10JUN25-106000-C,106000.0,C,2025-06-10 00:00:00+00:00,0.0065,31.92,,1.0,True,2025-06-09 08:00:00+00:00,2025-06-10 08:00:00+00:00,weekday,105614.48
atm_put,BTC-10JUN25-106000-P,106000.0,P,2025-06-10 00:00:00+00:00,0.007,33.03,,1.15,True,2025-06-09 08:00:00+00:00,2025-06-10 08:00:00+00:00,weekday,105614.48
otm_call,BTC-10JUN25-112000-C,112000.0,C,2025-06-10 00:00:00+00:00,0.0001,41.83,,1.87,True,2025-06-09 08:00:00+00:00,2025-06-10 08:00:00+00:00,weekday,105614.48
otm_put,BTC-10JUN25-102000-P,102000.0,P,2025-06-10 00:00:00+00:00,0.0002,39.49,,1.42,True,2025-06-09 08:00:00+00:00,2025-06-10 08:00:00+00:00,weekday,105614.48
atm_call,BTC-15JUN25-105000-C,105000.0,C,2025-06-15 00:00:00+00:00,0.0045,21.72,,0.15,True,2025-06-14 08:00:00+00:00,2025-06-15 08:00:00+00:00,weekend,105126.03
atm_put,BTC-15JUN25-105000-P,105000.0,P,2025-06-15 00:00:00+00:00,0.005,22.98,,0.14,True,2025-06-14 08:00:00+00:00,2025-06-15 08:00:00+00:00,weekend,105126.03
otm_call,BTC-15JUN25-112000-C,112000.0,C,2025-06-15 00:00:00+00:00,0.0001,53.05,,0.92,True,2025-06-14 08:00:00+00:00,2025-06-15 08:00:00+00:00,weekend,105126.03
otm_put,BTC-15JUN25-96000-P,96000.0,P,2025-06-15 00:00:00+00:00,0.0001,71.81,,0.3,True,2025-06-14 08:00:00+00:00,2025-06-15 08:00:00+00:00,weekend,105126.03
atm_call,BTC-17JUN25-107000-C,107000.0,C,2025-06-17 00:00:00+00:00,0.008,35.26,,0.2,True,2025-06-16 08:00:00+00:00,2025-06-17 08:00:00+00:00,weekday,107080.07
atm_put,BTC-17JUN25-107000-P,107000.0,P,2025-06-17 00:00:00+00:00,0.006,32.19,,0.01,True,2025-06-16 08:00:00+00:00,2025-06-17 08:00:00+00:00,weekday,107080.07
otm_call,BTC-17JUN25-114000-C,114000.0,C,2025-06-17 00:00:00+00:00,0.0001,52.79,,1.22,True,2025-06-16 08:00:00+00:00,2025-06-17 08:00:00+00:00,weekday,107080.07
otm_put,BTC-17JUN25-100000-P,100000.0,P,2025-06-17 00:00:00+00:00,0.0001,56.72,,0.03,True,2025-06-16 08:00:00+00:00,2025-06-17 08:00:00+00:00,weekday,107080.07
atm_call,BTC-22JUN25-104000-C,104000.0,C,2025-06-22 00:00:00+00:00,0.002,18.86,,0.24,True,2025-06-21 08:00:00+00:00,2025-06-22 08:00:00+00:00,weekend,103475.28
atm_put,BTC-22JUN25-103500-P,103500.0,P,2025-06-22 00:00:00+00:00,0.0032,18.42,,0.82,True,2025-06-21 08:00:00+00:00,2025-06-22 08:00:00+00:00,weekend,103475.28
otm_call,BTC-22JUN25-108000-C,108000.0,C,2025-06-22 00:00:00+00:00,0.0001,36.37,,0.95,True,2025-06-21 08:00:00+00:00,2025-06-22 08:00:00+00:00,weekend,103475.28
otm_put,BTC-22JUN25-98000-P,98000.0,P,2025-06-22 00:00:00+00:00,0.0001,49.34,,1.06,True,2025-06-21 08:00:00+00:00,2025-06-22 08:00:00+00:00,weekend,103475.28
atm_call,BTC-24JUN25-102000-C,102000.0,C,2025-06-24 00:00:00+00:00,0.007,37.86,,0.62,True,2025-06-23 08:00:00+00:00,2025-06-24 08:00:00+00:00,weekday,101976.06
atm_put,BTC-24JUN25-102000-P,102000.0,P,2025-06-24 00:00:00+00:00,0.0075,37.5,,0.28,True,2025-06-23 08:00:00+00:00,2025-06-24 08:00:00+00:00,weekday,101976.06
otm_call,BTC-24JUN25-114000-C,114000.0,C,2025-06-24 00:00:00+00:00,0.0001,85.7,,0.28,True,2025-06-23 08:00:00+00:00,2025-06-24 08:00:00+00:00,weekday,101976.06
otm_put,BTC-24JUN25-92000-P,92000.0,P,2025-06-24 00:00:00+00:00,0.0001,80.52,,1.55,True,2025-06-23 08:00:00+00:00,2025-06-24 08:00:00+00:00,weekday,101976.06
atm_call,BTC-29JUN25-107500-C,107500.0,C,2025-06-29 00:00:00+00:00,0.0031,14.26,,0.06,True,2025-06-28 08:00:00+00:00,2025-06-29 08:00:00+00:00,weekend,107540.37
atm_put,BTC-29JUN25-107500-P,107500.0,P,2025-06-29 00:00:00+00:00,0.0028,14.02,,0.06,True,2025-06-28 08:00:00+00:00,2025-06-29 08:00:00+00:00,weekend,107540.37
otm_call,BTC-29JUN25-110000-C,110000.0,C,2025-06-29 00:00:00+00:00,0.0001,21.83,,0.05,True,2025-06-28 08:00:00+00:00,2025-06-29 08:00:00+00:00,weekend,107540.37
otm_put,BTC-29JUN25-105000-P,105000.0,P,2025-06-29 00:00:00+00:00,0.0002,25.64,,0.04,True,2025-06-28 08:00:00+00:00,2025-06-29 08:00:00+00:00,weekend,107540.37
atm_call,BTC-1JUL25-107500-C,107500.0,C,2025-07-01 00:00:00+00:00,0.007,29.46,,0.07,True,2025-06-30 08:00:00+00:00,2025-07-01 08:00:00+00:00,weekday,107648.06
atm_put,BTC-1JUL25-107500-P,107500.0,P,2025-07-01 00:00:00+00:00,0.005,27.34,,0.05,True,2025-06-30 08:00:00+00:00,2025-07-01 08:00:00+00:00,weekday,107648.06
otm_call,BTC-1JUL25-114000-C,114000.0,C,2025-07-01 00:00:00+00:00,0.0001,47.29,,0.12,True,2025-06-30 08:00:00+00:00,2025-07-01 08:00:00+00:00,weekday,107648.06
otm_put,BTC-1JUL25-98000-P,98000.0,P,2025-07-01 00:00:00+00:00,0.0001,75.56,,0.16,True,2025-06-30 08:00:00+00:00,2025-07-01 08:00:00+00:00,weekday,107648.06
atm_call,BTC-6JUL25-108000-C,108000.0,C,2025-07-06 00:00:00+00:00,0.0035,14.29,,0.15,True,2025-07-05 08:00:00+00:00,2025-07-06 08:00:00+00:00,weekend,108110.18
atm_put,BTC-6JUL25-108000-P,108000.0,P,2025-07-06 00:00:00+00:00,0.0027,14.96,,0.06,True,2025-07-05 08:00:00+00:00,2025-07-06 08:00:00+00:00,weekend,108110.18
otm_call,BTC-6JUL25-113000-C,113000.0,C,2025-07-06 00:00:00+00:00,0.0001,38.54,,0.34,True,2025-07-05 08:00:00+00:00,2025-07-06 08:00:00+00:00,weekend,108110.18
otm_put,BTC-6JUL25-102000-P,102000.0,P,2025-07-06 00:00:00+00:00,0.0001,48.86,,0.68,True,2025-07-05 08:00:00+00:00,2025-07-06 08:00:00+00:00,weekend,108110.18
atm_call,BTC-8JUL25-109000-C,109000.0,C,2025-07-08 00:00:00+00:00,0.007,32.82,,0.99,True,2025-07-07 08:00:00+00:00,2025-07-08 08:00:00+00:00,weekday,109087.74
atm_put,BTC-8JUL25-109000-P,109000.0,P,2025-07-08 00:00:00+00:00,0.006,30.59,,0.01,True,2025-07-07 08:00:00+00:00,2025-07-08 08:00:00+00:00,weekday,109087.74
otm_call,BTC-8JUL25-116000-C,116000.0,C,2025-07-08 00:00:00+00:00,0.0001,51.12,,0.13,True,2025-07-07 08:00:00+00:00,2025-07-08 08:00:00+00:00,weekday,109087.74
otm_put,BTC-8JUL25-102000-P,102000.0,P,2025-07-08 00:00:00+00:00,0.0001,55.95,,0.66,True,2025-07-07 08:00:00+00:00,2025-07-08 08:00:00+00:00,weekday,109087.74
atm_call,BTC-13JUL25-118000-C,118000.0,C,2025-07-13 00:00:00+00:00,0.0029,16.75,,0.02,True,2025-07-12 08:00:00+00:00,2025-07-13 08:00:00+00:00,weekend,117797.06
atm_put,BTC-13JUL25-118000-P,118000.0,P,2025-07-13 00:00:00+00:00,0.0044,17.42,,0.01,True,2025-07-12 08:00:00+00:00,2025-07-13 08:00:00+00:00,weekend,117797.06
otm_call,BTC-13JUL25-124000-C,124000.0,C,2025-07-13 00:00:00+00:00,0.0001,43.2,,0.51,True,2025-07-12 08:00:00+00:00,2025-07-13 08:00:00+00:00,weekend,117797.06
otm_put,BTC-13JUL25-111000-P,111000.0,P,2025-07-13 00:00:00+00:00,0.0001,51.33,,0.5,True,2025-07-12 08:00:00+00:00,2025-07-13 08:00:00+00:00,weekend,117797.06
atm_call,BTC-15JUL25-123000-C,123000.0,C,2025-07-15 00:00:00+00:00,0.0051,39.25,,1.32,True,2025-07-14 08:00:00+00:00,2025-07-15 08:00:00+00:00,weekday,122751.9
atm_put,BTC-15JUL25-123000-P,123000.0,P,2025-07-15 00:00:00+00:00,0.013,44.93,,1.47,True,2025-07-14 08:00:00+00:00,2025-07-15 08:00:00+00:00,weekday,122751.9
otm_call,BTC-15JUL25-136000-C,136000.0,C,2025-07-15 00:00:00+00:00,0.0001,82.15,,1.02,True,2025-07-14 08:00:00+00:00,2025-07-15 08:00:00+00:00,weekday,122751.9
otm_put,BTC-15JUL25-108000-P,108000.0,P,2025-07-15 00:00:00+00:00,0.0001,98.24,,1.56,True,2025-07-14 08:00:00+00:00,2025-07-15 08:00:00+00:00,weekday,122751.9
atm_call,BTC-20JUL25-118500-C,118500.0,C,2025-07-20 00:00:00+00:00,0.0024,16.87,,0.31,True,2025-07-19 08:00:00+00:00,2025-07-20 08:00:00+00:00,weekend,118264.24
atm_put,BTC-20JUL25-118000-P,118000.0,P,2025-07-20 00:00:00+00:00,0.0019,15.68,,0.09,True,2025-07-19 08:00:00+00:00,2025-07-20 08:00:00+00:00,weekend,118264.24
otm_call,BTC-20JUL25-122000-C,122000.0,C,2025-07-20 00:00:00+00:00,0.0001,28.99,,0.31,True,2025-07-19 08:00:00+00:00,2025-07-20 08:00:00+00:00,weekend,118264.24
otm_put,BTC-20JUL25-112000-P,112000.0,P,2025-07-20 00:00:00+00:00,0.0001,46.05,,0.33,True,2025-07-19 08:00:00+00:00,2025-07-20 08:00:00+00:00,weekend,118264.24
atm_call,BTC-22JUL25-119500-C,119500.0,C,2025-07-22 00:00:00+00:00,0.008,37.0,,0.15,True,2025-07-21 08:00:00+00:00,2025-07-22 08:00:00+00:00,weekday,119414.15
atm_put,BTC-22JUL25-119500-P,119500.0,P,2025-07-22 00:00:00+00:00,0.007,34.99,,0.25,True,2025-07-21 08:00:00+00:00,2025-07-22 08:00:00+00:00,weekday,119414.15
otm_call,BTC-22JUL25-132000-C,132000.0,C,2025-07-22 00:00:00+00:00,0.0001,85.01,,1.67,True,2025-07-21 08:00:00+00:00,2025-07-22 08:00:00+00:00,weekday,119414.15
otm_put,BTC-22JUL25-104000-P,104000.0,P,2025-07-22 00:00:00+00:00,0.0001,105.63,,1.54,True,2025-07-21 08:00:00+00:00,2025-07-22 08:00:00+00:00,weekday,119414.15
atm_call,BTC-27JUL25-117500-C,117500.0,C,2025-07-27 00:00:00+00:00,0.0027,14.56,,0.15,True,2025-07-26 08:00:00+00:00,2025-07-27 08:00:00+00:00,weekend,117371.97
atm_put,BTC-27JUL25-117500-P,117500.0,P,2025-07-27 00:00:00+00:00,0.0032,13.66,,0.15,True,2025-07-26 08:00:00+00:00,2025-07-27 08:00:00+00:00,weekend,117371.97
otm_call,BTC-27JUL25-121000-C,121000.0,C,2025-07-27 00:00:00+00:00,0.0001,26.87,,1.13,True,2025-07-26 08:00:00+00:00,2025-07-27 08:00:00+00:00,weekend,117371.97
otm_put,BTC-27JUL25-110000-P,110000.0,P,2025-07-27 00:00:00+00:00,0.0001,56.89,,1.43,True,2025-07-26 08:00:00+00:00,2025-07-27 08:00:00+00:00,weekend,117371.97
atm_call,BTC-29JUL25-119000-C,119000.0,C,2025-07-29 00:00:00+00:00,0.0055,28.98,,0.03,True,2025-07-28 08:00:00+00:00,2025-07-29 08:00:00+00:00,weekday,118894.66
atm_put,BTC-29JUL25-119000-P,119000.0,P,2025-07-29 00:00:00+00:00,0.0065,29.97,,0.0,True,2025-07-28 08:00:00+00:00,2025-07-29 08:00:00+00:00,weekday,118894.66
otm_call,BTC-29JUL25-125000-C,125000.0,C,2025-07-29 00:00:00+00:00,0.0002,47.29,,0.02,True,2025-07-28 08:00:00+00:00,2025-07-29 08:00:00+00:00,weekday,118894.66
otm_put,BTC-29JUL25-113000-P,113000.0,P,2025-07-29 00:00:00+00:00,0.0001,45.02,,0.39,True,2025-07-28 08:00:00+00:00,2025-07-29 08:00:00+00:00,weekday,118894.66
atm_call,BTC-3AUG25-114000-C,114000.0,C,2025-08-03 00:00:00+00:00,0.0031,15.82,,0.04,True,2025-08-02 08:00:00+00:00,2025-08-03 08:00:00+00:00,weekend,113942.01
atm_put,BTC-3AUG25-114000-P,114000.0,P,2025-08-03 00:00:00+00:00,0.0039,17.67,,0.04,True,2025-08-02 08:00:00+00:00,2025-08-03 08:00:00+00:00,weekend,113942.01
otm_call,BTC-3AUG25-120000-C,120000.0,C,2025-08-03 00:00:00+00:00,0.0001,44.08,,0.35,True,2025-08-02 08:00:00+00:00,2025-08-03 08:00:00+00:00,weekend,113942.01
otm_put,BTC-3AUG25-106000-P,106000.0,P,2025-08-03 00:00:00+00:00,0.0001,59.33,,0.04,True,2025-08-02 08:00:00+00:00,2025-08-03 08:00:00+00:00,weekend,113942.01
atm_call,BTC-5AUG25-114500-C,114500.0,C,2025-08-05 00:00:00+00:00,0.007,29.52,,1.4,True,2025-08-04 08:00:00+00:00,2025-08-05 08:00:00+00:00,weekday,114665.21
atm_put,BTC-5AUG25-114500-P,114500.0,P,2025-08-05 00:00:00+00:00,0.0055,30.73,,0.39,True,2025-08-04 08:00:00+00:00,2025-08-05 08:00:00+00:00,weekday,114665.21
otm_call,BTC-5AUG25-119000-C,119000.0,C,2025-08-05 00:00:00+00:00,0.0001,32.84,,0.38,True,2025-08-04 08:00:00+00:00,2025-08-05 08:00:00+00:00,weekday,114665.21
otm_put,BTC-5AUG25-100000-P,100000.0,P,2025-08-05 00:00:00+00:00,0.0001,106.6,,1.14,True,2025-08-04 08:00:00+00:00,2025-08-05 08:00:00+00:00,weekday,114665.21
atm_call,BTC-10AUG25-117000-C,117000.0,C,2025-08-10 00:00:00+00:00,0.0024,13.9,,0.45,True,2025-08-09 08:00:00+00:00,2025-08-10 08:00:00+00:00,weekend,116772.96
atm_put,BTC-10AUG25-117000-P,117000.0,P,2025-08-10 00:00:00+00:00,0.0036,14.34,,0.41,True,2025-08-09 08:00:00+00:00,2025-08-10 08:00:00+00:00,weekend,116772.96
otm_call,BTC-10AUG25-120000-C,120000.0,C,2025-08-10 00:00:00+00:00,0.0001,23.15,,1.03,True,2025-08-09 08:00:00+00:00,2025-08-10 08:00:00+00:00,weekend,116772.96
otm_put,BTC-10AUG25-115000-P,115000.0,P,2025-08-10 00:00:00+00:00,0.0002,18.79,,0.41,True,2025-08-09 08:00:00+00:00,2025-08-10 08:00:00+00:00,weekend,116772.96
atm_call,BTC-12AUG25-122000-C,122000.0,C,2025-08-12 00:00:00+00:00,0.006,35.29,,0.53,True,2025-08-11 08:00:00+00:00,2025-08-12 08:00:00+00:00,weekday,121522.07
atm_put,BTC-12AUG25-122000-P,122000.0,P,2025-08-12 00:00:00+00:00,0.0085,35.2,,0.73,True,2025-08-11 08:00:00+00:00,2025-08-12 08:00:00+00:00,weekday,121522.07
otm_call,BTC-12AUG25-126000-C,126000.0,C,2025-08-12 00:00:00+00:00,0.0005,41.81,,0.82,True,2025-08-11 08:00:00+00:00,2025-08-12 08:00:00+00:00,weekday,121522.07
otm_put,BTC-12AUG25-110000-P,110000.0,P,2025-08-12 00:00:00+00:00,0.0001,81.53,,0.94,True,2025-08-11 08:00:00+00:00,2025-08-12 08:00:00+00:00,weekday,121522.07
atm_call,BTC-17AUG25-118000-C,118000.0,C,2025-08-17 00:00:00+00:00,0.0018,14.29,,0.13,True,2025-08-16 08:00:00+00:00,2025-08-17 08:00:00+00:00,weekend,117694.76
atm_put,BTC-17AUG25-118000-P,118000.0,P,2025-08-17 00:00:00+00:00,0.005,17.26,,0.01,True,2025-08-16 08:00:00+00:00,2025-08-17 08:00:00+00:00,weekend,117694.76
otm_call,BTC-17AUG25-121000-C,121000.0,C,2025-08-17 00:00:00+00:00,0.0001,25.77,,0.02,True,2025-08-16 08:00:00+00:00,2025-08-17 08:00:00+00:00,weekend,117694.76
otm_put,BTC-17AUG25-112000-P,112000.0,P,2025-08-17 00:00:00+00:00,0.0001,42.6,,0.05,True,2025-08-16 08:00:00+00:00,2025-08-17 08:00:00+00:00,weekend,117694.76
atm_call,BTC-19AUG25-115000-C,115000.0,C,2025-08-19 00:00:00+00:00,0.0075,33.44,,1.06,True,2025-08-18 08:00:00+00:00,2025-08-19 08:00:00+00:00,weekday,115283.52
atm_put,BTC-19AUG25-115000-P,115000.0,P,2025-08-19 00:00:00+00:00,0.006,34.25,,0.92,True,2025-08-18 08:00:00+00:00,2025-08-19 08:00:00+00:00,weekday,115283.52
otm_call,BTC-19AUG25-121000-C,121000.0,C,2025-08-19 00:00:00+00:00,0.0001,43.31,,1.09,True,2025-08-18 08:00:00+00:00,2025-08-19 08:00:00+00:00,weekday,115283.52
otm_put,BTC-19AUG25-110000-P,110000.0,P,2025-08-19 00:00:00+00:00,0.0007,57.4,,0.91,True,2025-08-18 08:00:00+00:00,2025-08-19 08:00:00+00:00,weekday,115283.52
atm_call,BTC-24AUG25-116000-C,116000.0,C,2025-08-24 00:00:00+00:00,0.0027,16.35,,0.03,True,2025-08-23 08:00:00+00:00,2025-08-24 08:00:00+00:00,weekend,115762.06
atm_put,BTC-24AUG25-116000-P,116000.0,P,2025-08-24 00:00:00+00:00,0.0041,16.16,,0.05,True,2025-08-23 08:00:00+00:00,2025-08-24 08:00:00+00:00,weekend,115762.06
otm_call,BTC-24AUG25-122000-C,122000.0,C,2025-08-24 00:00:00+00:00,0.0001,46.75,,1.65,True,2025-08-23 08:00:00+00:00,2025-08-24 08:00:00+00:00,weekend,115762.06
otm_put,BTC-24AUG25-109000-P,109000.0,P,2025-08-24 00:00:00+00:00,0.0001,50.69,,0.0,True,2025-08-23 08:00:00+00:00,2025-08-24 08:00:00+00:00,weekend,115762.06
atm_call,BTC-26AUG25-111000-C,111000.0,C,2025-08-26 00:00:00+00:00,0.0115,40.31,,0.87,True,2025-08-25 08:00:00+00:00,2025-08-26 08:00:00+00:00,weekday,111479.54
atm_put,BTC-26AUG25-111000-P,111000.0,P,2025-08-26 00:00:00+00:00,0.006,40.01,,0.59,True,2025-08-25 08:00:00+00:00,2025-08-26 08:00:00+00:00,weekday,111479.54
otm_call,BTC-26AUG25-118000-C,118000.0,C,2025-08-26 00:00:00+00:00,0.0002,51.64,,0.68,True,2025-08-25 08:00:00+00:00,2025-08-26 08:00:00+00:00,weekday,111479.54
otm_put,BTC-26AUG25-104000-P,104000.0,P,2025-08-26 00:00:00+00:00,0.0003,69.0,,0.6,True,2025-08-25 08:00:00+00:00,2025-08-26 08:00:00+00:00,weekday,111479.54
atm_call,BTC-31AUG25-109000-C,109000.0,C,2025-08-31 00:00:00+00:00,0.0024,20.47,,0.01,True,2025-08-30 08:00:00+00:00,2025-08-31 08:00:00+00:00,weekend,108519.24
atm_put,BTC-31AUG25-109000-P,109000.0,P,2025-08-31 00:00:00+00:00,0.007,20.94,,0.04,True,2025-08-30 08:00:00+00:00,2025-08-31 08:00:00+00:00,weekend,108519.24
otm_call,BTC-31AUG25-115000-C,115000.0,C,2025-08-31 00:00:00+00:00,0.0001,47.87,,0.32,True,2025-08-30 08:00:00+00:00,2025-08-31 08:00:00+00:00,weekend,108519.24
otm_put,BTC-31AUG25-102000-P,102000.0,P,2025-08-31 00:00:00+00:00,0.0001,51.78,,0.08,True,2025-08-30 08:00:00+00:00,2025-08-31 08:00:00+00:00,weekend,108519.24
atm_call,BTC-2SEP25-109000-C,109000.0,C,2025-09-02 00:00:00+00:00,0.012,41.06,,0.41,True,2025-09-01 08:00:00+00:00,2025-09-02 08:00:00+00:00,weekday,109433.59
atm_put,BTC-2SEP25-109000-P,109000.0,P,2025-09-02 00:00:00+00:00,0.005,37.74,,0.37,True,2025-09-01 08:00:00+00:00,2025-09-02 08:00:00+00:00,weekday,109433.59
otm_call,BTC-2SEP25-114000-C,114000.0,C,2025-09-02 00:00:00+00:00,0.0001,35.42,,0.44,True,2025-09-01 08:00:00+00:00,2025-09-02 08:00:00+00:00,weekday,109433.59
otm_put,BTC-2SEP25-100000-P,100000.0,P,2025-09-02 00:00:00+00:00,0.0002,83.51,,1.91,True,2025-09-01 08:00:00+00:00,2025-09-02 08:00:00+00:00,weekday,109433.59
atm_call,BTC-7SEP25-111000-C,111000.0,C,2025-09-07 00:00:00+00:00,0.0024,14.33,,0.03,True,2025-09-06 08:00:00+00:00,2025-09-07 08:00:00+00:00,weekend,110838.71
atm_put,BTC-7SEP25-111000-P,111000.0,P,2025-09-07 00:00:00+00:00,0.0037,14.48,,0.03,True,2025-09-06 08:00:00+00:00,2025-09-07 08:00:00+00:00,weekend,110838.71
otm_call,BTC-7SEP25-114000-C,114000.0,C,2025-09-07 00:00:00+00:00,0.0001,25.95,,0.01,True,2025-09-06 08:00:00+00:00,2025-09-07 08:00:00+00:00,weekend,110838.71
otm_put,BTC-7SEP25-104000-P,104000.0,P,2025-09-07 00:00:00+00:00,0.0001,53.1,,0.0,True,2025-09-06 08:00:00+00:00,2025-09-07 08:00:00+00:00,weekend,110838.71
atm_call,BTC-9SEP25-111000-C,111000.0,C,2025-09-09 00:00:00+00:00,0.012,31.75,,1.26,True,2025-09-08 08:00:00+00:00,2025-09-09 08:00:00+00:00,weekday,111264.76
atm_put,BTC-9SEP25-111000-P,111000.0,P,2025-09-09 00:00:00+00:00,0.0035,30.7,,0.85,True,2025-09-08 08:00:00+00:00,2025-09-09 08:00:00+00:00,weekday,111264.76
otm_call,BTC-9SEP25-117000-C,117000.0,C,2025-09-09 00:00:00+00:00,0.0002,43.91,,0.77,True,2025-09-08 08:00:00+00:00,2025-09-09 08:00:00+00:00,weekday,111264.76
otm_put,BTC-9SEP25-102000-P,102000.0,P,2025-09-09 00:00:00+00:00,0.0001,76.92,,1.34,True,2025-09-08 08:00:00+00:00,2025-09-09 08:00:00+00:00,weekday,111264.76
atm_call,BTC-14SEP25-116000-C,116000.0,C,2025-09-14 00:00:00+00:00,0.002,12.0,,0.03,True,2025-09-13 08:00:00+00:00,2025-09-14 08:00:00+00:00,weekend,115840.5
atm_put,BTC-14SEP25-116000-P,116000.0,P,2025-09-14 00:00:00+00:00,0.0032,12.54,,0.03,True,2025-09-13 08:00:00+00:00,2025-09-14 08:00:00+00:00,weekend,115840.5
otm_call,BTC-14SEP25-120000-C,120000.0,C,2025-09-14 00:00:00+00:00,0.0001,31.43,,0.03,True,2025-09-13 08:00:00+00:00,2025-09-14 08:00:00+00:00,weekend,115840.5
otm_put,BTC-14SEP25-111000-P,111000.0,P,2025-09-14 00:00:00+00:00,0.0002,41.84,,0.0,True,2025-09-13 08:00:00+00:00,2025-09-14 08:00:00+00:00,weekend,115840.5
atm_call,BTC-16SEP25-116000-C,116000.0,C,2025-09-16 00:00:00+00:00,0.003,28.84,,0.83,True,2025-09-15 08:00:00+00:00,2025-09-16 08:00:00+00:00,weekday,115856.02
atm_put,BTC-16SEP25-116000-P,116000.0,P,2025-09-16 00:00:00+00:00,0.0105,29.03,,0.85,True,2025-09-15 08:00:00+00:00,2025-09-16 08:00:00+00:00,weekday,115856.02
otm_call,BTC-16SEP25-122000-C,122000.0,C,2025-09-16 00:00:00+00:00,0.0001,51.45,,1.2,True,2025-09-15 08:00:00+00:00,2025-09-16 08:00:00+00:00,weekday,115856.02
otm_put,BTC-16SEP25-106000-P,106000.0,P,2025-09-16 00:00:00+00:00,0.0001,67.81,,0.84,True,2025-09-15 08:00:00+00:00,2025-09-16 08:00:00+00:00,weekday,115856.02
atm_call,BTC-21SEP25-116000-C,116000.0,C,2025-09-21 00:00:00+00:00,0.0023,10.73,,0.03,True,2025-09-20 08:00:00+00:00,2025-09-21 08:00:00+00:00,weekend,116030.48
atm_put,BTC-21SEP25-116000-P,116000.0,P,2025-09-21 00:00:00+00:00,0.0025,12.27,,0.03,True,2025-09-20 08:00:00+00:00,2025-09-21 08:00:00+00:00,weekend,116030.48
otm_call,BTC-21SEP25-120000-C,120000.0,C,2025-09-21 00:00:00+00:00,0.0001,31.18,,0.24,True,2025-09-20 08:00:00+00:00,2025-09-21 08:00:00+00:00,weekend,116030.48
otm_put,BTC-21SEP25-108000-P,108000.0,P,2025-09-21 00:00:00+00:00,0.0001,59.23,,1.21,True,2025-09-20 08:00:00+00:00,2025-09-21 08:00:00+00:00,weekend,116030.48
atm_call,BTC-23SEP25-113000-C,113000.0,C,2025-09-23 00:00:00+00:00,0.0055,31.5,,0.92,True,2025-09-22 08:00:00+00:00,2025-09-23 08:00:00+00:00,weekday,112586.65
atm_put,BTC-23SEP25-113000-P,113000.0,P,2025-09-23 00:00:00+00:00,0.0075,29.58,,1.15,True,2025-09-22 08:00:00+00:00,2025-09-23 08:00:00+00:00,weekday,112586.65
otm_call,BTC-23SEP25-120000-C,120000.0,C,2025-09-23 00:00:00+00:00,0.0001,52.38,,0.94,True,2025-09-22 08:00:00+00:00,2025-09-23 08:00:00+00:00,weekday,112586.65
otm_put,BTC-23SEP25-108000-P,108000.0,P,2025-09-23 00:00:00+00:00,0.0009,57.55,,0.93,True,2025-09-22 08:00:00+00:00,2025-09-23 08:00:00+00:00,weekday,112586.65
atm_call,BTC-28SEP25-109000-C,109000.0,C,2025-09-28 00:00:00+00:00,0.0045,9.22,,0.03,True,2025-09-27 08:00:00+00:00,2025-09-28 08:00:00+00:00,weekend,109450.33
atm_put,BTC-28SEP25-109000-P,109000.0,P,2025-09-28 00:00:00+00:00,0.0011,12.59,,0.02,True,2025-09-27 08:00:00+00:00,2025-09-28 08:00:00+00:00,weekend,109450.33
otm_call,BTC-28SEP25-115000-C,115000.0,C,2025-09-28 00:00:00+00:00,0.0002,48.95,,1.08,True,2025-09-27 08:00:00+00:00,2025-09-28 08:00:00+00:00,weekend,109450.33
otm_put,BTC-28SEP25-106000-P,106000.0,P,2025-09-28 00:00:00+00:00,0.0001,28.04,,1.51,True,2025-09-27 08:00:00+00:00,2025-09-28 08:00:00+00:00,weekend,109450.33
atm_call,BTC-30SEP25-112000-C,112000.0,C,2025-09-30 00:00:00+00:00,0.006,24.98,,0.06,True,2025-09-29 08:00:00+00:00,2025-09-30 08:00:00+00:00,weekday,111910.49
atm_put,BTC-30SEP25-112000-P,112000.0,P,2025-09-30 00:00:00+00:00,0.005,27.21,,0.06,True,2025-09-29 08:00:00+00:00,2025-09-30 08:00:00+00:00,weekday,111910.49
otm_call,BTC-30SEP25-116000-C,116000.0,C,2025-09-30 00:00:00+00:00,0.0001,31.04,,0.08,True,2025-09-29 08:00:00+00:00,2025-09-30 08:00:00+00:00,weekday,111910.49
otm_put,BTC-30SEP25-106000-P,106000.0,P,2025-09-30 00:00:00+00:00,0.0001,46.96,,0.14,True,2025-09-29 08:00:00+00:00,2025-09-30 08:00:00+00:00,weekday,111910.49
atm_call,BTC-5OCT25-122000-C,122000.0,C,2025-10-05 00:00:00+00:00,0.006,19.16,,0.03,True,2025-10-04 08:00:00+00:00,2025-10-05 08:00:00+00:00,weekend,122390.37
atm_put,BTC-5OCT25-122000-P,122000.0,P,2025-10-05 00:00:00+00:00,0.002,16.81,,0.03,True,2025-10-04 08:00:00+00:00,2025-10-05 08:00:00+00:00,weekend,122390.37
otm_call,BTC-5OCT25-130000-C,130000.0,C,2025-10-05 00:00:00+00:00,0.0001,49.31,,0.08,True,2025-10-04 08:00:00+00:00,2025-10-05 08:00:00+00:00,weekend,122390.37
otm_put,BTC-5OCT25-113000-P,113000.0,P,2025-10-05 00:00:00+00:00,0.0001,65.23,,0.04,True,2025-10-04 08:00:00+00:00,2025-10-05 08:00:00+00:00,weekend,122390.37
atm_call,BTC-7OCT25-124000-C,124000.0,C,2025-10-07 00:00:00+00:00,0.0068,34.68,,0.65,True,2025-10-06 08:00:00+00:00,2025-10-07 08:00:00+00:00,weekday,123429.52
atm_put,BTC-7OCT25-123000-P,123000.0,P,2025-10-07 00:00:00+00:00,0.0037,32.34,,0.79,True,2025-10-06 08:00:00+00:00,2025-10-07 08:00:00+00:00,weekday,123429.52
otm_call,BTC-7OCT25-132000-C,132000.0,C,2025-10-07 00:00:00+00:00,0.0002,57.94,,0.54,True,2025-10-06 08:00:00+00:00,2025-10-07 08:00:00+00:00,weekday,123429.52
otm_put,BTC-7OCT25-112000-P,112000.0,P,2025-10-07 00:00:00+00:00,0.0001,81.46,,0.95,True,2025-10-06 08:00:00+00:00,2025-10-07 08:00:00+00:00,weekday,123429.52
atm_call,BTC-12OCT25-111000-C,111000.0,C,2025-10-12 00:00:00+00:00,0.013,42.16,,1.34,True,2025-10-11 08:00:00+00:00,2025-10-12 08:00:00+00:00,weekend,110518.61
atm_put,BTC-12OCT25-111000-P,111000.0,P,2025-10-12 00:00:00+00:00,0.0055,41.27,,1.31,True,2025-10-11 08:00:00+00:00,2025-10-12 08:00:00+00:00,weekend,110518.61
otm_call,BTC-12OCT25-126000-C,126000.0,C,2025-10-12 00:00:00+00:00,0.0001,94.26,,1.14,True,2025-10-11 08:00:00+00:00,2025-10-12 08:00:00+00:00,weekend,110518.61
otm_put,BTC-12OCT25-102000-P,102000.0,P,2025-10-12 00:00:00+00:00,0.0003,86.21,,1.19,True,2025-10-11 08:00:00+00:00,2025-10-12 08:00:00+00:00,weekend,110518.61
atm_call,BTC-14OCT25-115000-C,115000.0,C,2025-10-14 00:00:00+00:00,0.01,39.75,,0.54,True,2025-10-13 08:00:00+00:00,2025-10-14 08:00:00+00:00,weekday,115481.11
atm_put,BTC-14OCT25-115000-P,115000.0,P,2025-10-14 00:00:00+00:00,0.0075,43.19,,0.75,True,2025-10-13 08:00:00+00:00,2025-10-14 08:00:00+00:00,weekday,115481.11
otm_call,BTC-14OCT25-130000-C,130000.0,C,2025-10-14 00:00:00+00:00,0.0001,95.5,,1.64,True,2025-10-13 08:00:00+00:00,2025-10-14 08:00:00+00:00,weekday,115481.11
otm_put,BTC-14OCT25-98000-P,98000.0,P,2025-10-14 00:00:00+00:00,0.0001,122.67,,1.24,True,2025-10-13 08:00:00+00:00,2025-10-14 08:00:00+00:00,weekday,115481.11
atm_call,BTC-19OCT25-107000-C,107000.0,C,2025-10-19 00:00:00+00:00,0.0042,24.92,,0.03,True,2025-10-18 08:00:00+00:00,2025-10-19 08:00:00+00:00,weekend,106725.61
atm_put,BTC-19OCT25-107000-P,107000.0,P,2025-10-19 00:00:00+00:00,0.006,23.59,,0.03,True,2025-10-18 08:00:00+00:00,2025-10-19 08:00:00+00:00,weekend,106725.61
otm_call,BTC-19OCT25-113000-C,113000.0,C,2025-10-19 00:00:00+00:00,0.0001,47.26,,0.1,True,2025-10-18 08:00:00+00:00,2025-10-19 08:00:00+00:00,weekend,106725.61
otm_put,BTC-19OCT25-98000-P,98000.0,P,2025-10-19 00:00:00+00:00,0.0001,70.65,,0.84,True,2025-10-18 08:00:00+00:00,2025-10-19 08:00:00+00:00,weekend,106725.61
atm_call,BTC-21OCT25-111000-C,111000.0,C,2025-10-21 00:00:00+00:00,0.01,40.02,,0.54,True,2025-10-20 08:00:00+00:00,2025-10-21 08:00:00+00:00,weekday,111234.7
atm_put,BTC-21OCT25-111000-P,111000.0,P,2025-10-21 00:00:00+00:00,0.0065,38.75,,0.56,True,2025-10-20 08:00:00+00:00,2025-10-21 08:00:00+00:00,weekday,111234.7
otm_call,BTC-21OCT25-118000-C,118000.0,C,2025-10-21 00:00:00+00:00,0.0002,53.76,,0.66,True,2025-10-20 08:00:00+00:00,2025-10-21 08:00:00+00:00,weekday,111234.7
otm_put,BTC-21OCT25-92000-P,92000.0,P,2025-10-21 00:00:00+00:00,0.0001,143.06,,0.6,True,2025-10-20 08:00:00+00:00,2025-10-21 08:00:00+00:00,weekday,111234.7
atm_call,BTC-26OCT25-112000-C,112000.0,C,2025-10-26 00:00:00+00:00,0.0017,16.64,,0.03,True,2025-10-25 08:00:00+00:00,2025-10-26 08:00:00+00:00,weekend,111518.22
atm_put,BTC-26OCT25-112000-P,112000.0,P,2025-10-26 00:00:00+00:00,0.006,15.85,,0.03,True,2025-10-25 08:00:00+00:00,2025-10-26 08:00:00+00:00,weekend,111518.22
otm_call,BTC-26OCT25-118000-C,118000.0,C,2025-10-26 00:00:00+00:00,0.0001,47.31,,0.76,True,2025-10-25 08:00:00+00:00,2025-10-26 08:00:00+00:00,weekend,111518.22
otm_put,BTC-26OCT25-105000-P,105000.0,P,2025-10-26 00:00:00+00:00,0.0001,51.6,,0.36,True,2025-10-25 08:00:00+00:00,2025-10-26 08:00:00+00:00,weekend,111518.22
atm_call,BTC-28OCT25-115000-C,115000.0,C,2025-10-28 00:00:00+00:00,0.0085,34.16,,0.47,True,2025-10-27 08:00:00+00:00,2025-10-28 08:00:00+00:00,weekday,115028.61
atm_put,BTC-28OCT25-115000-P,115000.0,P,2025-10-28 00:00:00+00:00,0.006,34.29,,0.47,True,2025-10-27 08:00:00+00:00,2025-10-28 08:00:00+00:00,weekday,115028.61
otm_call,BTC-28OCT25-120000-C,120000.0,C,2025-10-28 00:00:00+00:00,0.0005,47.37,,0.5,True,2025-10-27 08:00:00+00:00,2025-10-28 08:00:00+00:00,weekday,115028.61
otm_put,BTC-28OCT25-104000-P,104000.0,P,2025-10-28 00:00:00+00:00,0.0001,82.43,,0.53,True,2025-10-27 08:00:00+00:00,2025-10-28 08:00:00+00:00,weekday,115028.61
atm_call,BTC-2NOV25-110000-C,110000.0,C,2025-11-02 00:00:00+00:00,0.0037,15.91,,0.03,True,2025-11-01 08:00:00+00:00,2025-11-02 08:00:00+00:00,weekend,110186.26
atm_put,BTC-2NOV25-110000-P,110000.0,P,2025-11-02 00:00:00+00:00,0.0031,16.57,,0.03,True,2025-11-01 08:00:00+00:00,2025-11-02 08:00:00+00:00,weekend,110186.26
otm_call,BTC-2NOV25-113000-C,113000.0,C,2025-11-02 00:00:00+00:00,0.0001,24.51,,0.08,True,2025-11-01 08:00:00+00:00,2025-11-02 08:00:00+00:00,weekend,110186.26
otm_put,BTC-2NOV25-106000-P,106000.0,P,2025-11-02 00:00:00+00:00,0.0001,33.4,,0.0,True,2025-11-01 08:00:00+00:00,2025-11-02 08:00:00+00:00,weekend,110186.26
atm_call,BTC-4NOV25-108000-C,108000.0,C,2025-11-04 00:00:00+00:00,0.006,43.88,,0.53,True,2025-11-03 08:00:00+00:00,2025-11-04 08:00:00+00:00,weekday,107563.9
atm_put,BTC-4NOV25-108000-P,108000.0,P,2025-11-04 00:00:00+00:00,0.013,44.21,,0.63,True,2025-11-03 08:00:00+00:00,2025-11-04 08:00:00+00:00,weekday,107563.9
otm_call,BTC-4NOV25-116000-C,116000.0,C,2025-11-04 00:00:00+00:00,0.0001,66.57,,1.94,True,2025-11-03 08:00:00+00:00,2025-11-04 08:00:00+00:00,weekday,107563.9
otm_put,BTC-4NOV25-102000-P,102000.0,P,2025-11-04 00:00:00+00:00,0.0004,53.37,,0.65,True,2025-11-03 08:00:00+00:00,2025-11-04 08:00:00+00:00,weekday,107563.9
atm_call,BTC-9NOV25-102000-C,102000.0,C,2025-11-09 00:00:00+00:00,0.0055,18.68,,0.03,True,2025-11-08 08:00:00+00:00,2025-11-09 08:00:00+00:00,weekend,102381.19
atm_put,BTC-9NOV25-102000-P,102000.0,P,2025-11-09 00:00:00+00:00,0.0033,22.06,,0.03,True,2025-11-08 08:00:00+00:00,2025-11-09 08:00:00+00:00,weekend,102381.19
otm_call,BTC-9NOV25-107000-C,107000.0,C,2025-11-09 00:00:00+00:00,0.0001,39.2,,0.05,True,2025-11-08 08:00:00+00:00,2025-11-09 08:00:00+00:00,weekend,102381.19
otm_put,BTC-9NOV25-98000-P,98000.0,P,2025-11-09 00:00:00+00:00,0.0001,37.52,,0.03,True,2025-11-08 08:00:00+00:00,2025-11-09 08:00:00+00:00,weekend,102381.19
atm_call,BTC-11NOV25-106000-C,106000.0,C,2025-11-11 00:00:00+00:00,0.0085,40.55,,0.62,True,2025-11-10 08:00:00+00:00,2025-11-11 08:00:00+00:00,weekday,105947.29
atm_put,BTC-11NOV25-106000-P,106000.0,P,2025-11-11 00:00:00+00:00,0.009,43.32,,0.85,True,2025-11-10 08:00:00+00:00,2025-11-11 08:00:00+00:00,weekday,105947.29
otm_call,BTC-11NOV25-111000-C,111000.0,C,2025-11-11 00:00:00+00:00,0.0003,46.89,,0.54,True,2025-11-10 08:00:00+00:00,2025-11-11 08:00:00+00:00,weekday,105947.29
otm_put,BTC-11NOV25-96000-P,96000.0,P,2025-11-11 00:00:00+00:00,0.0001,79.96,,1.25,True,2025-11-10 08:00:00+00:00,2025-11-11 08:00:00+00:00,weekday,105947.29
atm_call,BTC-16NOV25-96000-C,96000.0,C,2025-11-16 00:00:00+00:00,0.0065,28.47,,0.03,True,2025-11-15 08:00:00+00:00,2025-11-16 08:00:00+00:00,weekend,95831.25
atm_put,BTC-16NOV25-96000-P,96000.0,P,2025-11-16 00:00:00+00:00,0.0055,28.91,,0.03,True,2025-11-15 08:00:00+00:00,2025-11-16 08:00:00+00:00,weekend,95831.25
otm_call,BTC-16NOV25-100000-C,100000.0,C,2025-11-16 00:00:00+00:00,0.0001,34.9,,0.05,True,2025-11-15 08:00:00+00:00,2025-11-16 08:00:00+00:00,weekend,95831.25
otm_put,BTC-16NOV25-90000-P,90000.0,P,2025-11-16 00:00:00+00:00,0.0001,54.39,,0.29,True,2025-11-15 08:00:00+00:00,2025-11-16 08:00:00+00:00,weekend,95831.25
atm_call,BTC-18NOV25-96000-C,96000.0,C,2025-11-18 00:00:00+00:00,0.007,45.04,,0.84,True,2025-11-17 08:00:00+00:00,2025-11-18 08:00:00+00:00,weekday,95550.0
atm_put,BTC-18NOV25-96000-P,96000.0,P,2025-11-18 00:00:00+00:00,0.0115,44.55,,0.79,True,2025-11-17 08:00:00+00:00,2025-11-18 08:00:00+00:00,weekday,95550.0
otm_call,BTC-18NOV25-101000-C,101000.0,C,2025-11-18 00:00:00+00:00,0.0002,51.31,,0.67,True,2025-11-17 08:00:00+00:00,2025-11-18 08:00:00+00:00,weekday,95550.0
otm_put,BTC-18NOV25-86000-P,86000.0,P,2025-11-18 00:00:00+00:00,0.0001,84.35,,0.71,True,2025-11-17 08:00:00+00:00,2025-11-18 08:00:00+00:00,weekday,95550.0
atm_call,BTC-23NOV25-84000-C,84000.0,C,2025-11-23 00:00:00+00:00,0.011,38.07,,0.03,True,2025-11-22 08:00:00+00:00,2025-11-23 08:00:00+00:00,weekend,83959.02
atm_put,BTC-23NOV25-84000-P,84000.0,P,2025-11-23 00:00:00+00:00,0.0065,42.82,,0.02,True,2025-11-22 08:00:00+00:00,2025-11-23 08:00:00+00:00,weekend,83959.02
otm_call,BTC-23NOV25-88000-C,88000.0,C,2025-11-23 00:00:00+00:00,0.0002,40.37,,0.05,True,2025-11-22 08:00:00+00:00,2025-11-23 08:00:00+00:00,weekend,83959.02
otm_put,BTC-23NOV25-75000-P,75000.0,P,2025-11-23 00:00:00+00:00,0.0001,92.38,,0.01,True,2025-11-22 08:00:00+00:00,2025-11-23 08:00:00+00:00,weekend,83959.02
atm_call,BTC-25NOV25-87000-C,87000.0,C,2025-11-25 00:00:00+00:00,0.0075,53.65,,1.28,True,2025-11-24 08:00:00+00:00,2025-11-25 08:00:00+00:00,weekday,86911.99
atm_put,BTC-25NOV25-87000-P,87000.0,P,2025-11-25 00:00:00+00:00,0.0115,55.5,,0.96,True,2025-11-24 08:00:00+00:00,2025-11-25 08:00:00+00:00,weekday,86911.99
otm_call,BTC-25NOV25-92000-C,92000.0,C,2025-11-25 00:00:00+00:00,0.0003,56.59,,0.95,True,2025-11-24 08:00:00+00:00,2025-11-25 08:00:00+00:00,weekday,86911.99
otm_put,BTC-25NOV25-74000-P,74000.0,P,2025-11-25 00:00:00+00:00,0.0001,115.94,,1.46,True,2025-11-24 08:00:00+00:00,2025-11-25 08:00:00+00:00,weekday,86911.99
atm_call,BTC-30NOV25-91000-C,91000.0,C,2025-11-30 00:00:00+00:00,0.002,19.09,,0.03,True,2025-11-29 08:00:00+00:00,2025-11-30 08:00:00+00:00,weekend,90645.14
atm_put,BTC-30NOV25-91000-P,91000.0,P,2025-11-30 00:00:00+00:00,0.0065,16.53,,0.03,True,2025-11-29 08:00:00+00:00,2025-11-30 08:00:00+00:00,weekend,90645.14
otm_call,BTC-30NOV25-94000-C,94000.0,C,2025-11-30 00:00:00+00:00,0.0001,33.28,,0.08,True,2025-11-29 08:00:00+00:00,2025-11-30 08:00:00+00:00,weekend,90645.14
otm_put,BTC-30NOV25-86000-P,86000.0,P,2025-11-30 00:00:00+00:00,0.0001,44.2,,0.08,True,2025-11-29 08:00:00+00:00,2025-11-30 08:00:00+00:00,weekend,90645.14
atm_call,BTC-2DEC25-87000-C,87000.0,C,2025-12-02 00:00:00+00:00,0.009,51.76,,0.62,True,2025-12-01 08:00:00+00:00,2025-12-02 08:00:00+00:00,weekday,86857.98
atm_put,BTC-2DEC25-87000-P,87000.0,P,2025-12-02 00:00:00+00:00,0.0125,51.19,,0.64,True,2025-12-01 08:00:00+00:00,2025-12-02 08:00:00+00:00,weekday,86857.98
otm_call,BTC-2DEC25-93000-C,93000.0,C,2025-12-02 00:00:00+00:00,0.0001,57.94,,0.62,True,2025-12-01 08:00:00+00:00,2025-12-02 08:00:00+00:00,weekday,86857.98
otm_put,BTC-2DEC25-82000-P,82000.0,P,2025-12-02 00:00:00+00:00,0.0009,70.9,,0.85,True,2025-12-01 08:00:00+00:00,2025-12-02 08:00:00+00:00,weekday,86857.98
atm_call,BTC-7DEC25-89000-C,89000.0,C,2025-12-07 00:00:00+00:00,0.007,23.72,,0.6,True,2025-12-06 08:00:00+00:00,2025-12-07 08:00:00+00:00,weekend,89301.94
atm_put,BTC-7DEC25-89000-P,89000.0,P,2025-12-07 00:00:00+00:00,0.0018,20.88,,0.08,True,2025-12-06 08:00:00+00:00,2025-12-07 08:00:00+00:00,weekend,89301.94
otm_call,BTC-7DEC25-94000-C,94000.0,C,2025-12-07 00:00:00+00:00,0.0001,42.84,,1.39,True,2025-12-06 08:00:00+00:00,2025-12-07 08:00:00+00:00,weekend,89301.94
otm_put,BTC-7DEC25-86000-P,86000.0,P,2025-12-07 00:00:00+00:00,0.0001,36.26,,0.0,True,2025-12-06 08:00:00+00:00,2025-12-07 08:00:00+00:00,weekend,89301.94
atm_call,BTC-9DEC25-92000-C,92000.0,C,2025-12-09 00:00:00+00:00,0.009,47.51,,0.81,True,2025-12-08 08:00:00+00:00,2025-12-09 08:00:00+00:00,weekday,91842.29
atm_put,BTC-9DEC25-92000-P,92000.0,P,2025-12-09 00:00:00+00:00,0.009,47.36,,1.18,True,2025-12-08 08:00:00+00:00,2025-12-09 08:00:00+00:00,weekday,91842.29
otm_call,BTC-9DEC25-98000-C,98000.0,C,2025-12-09 00:00:00+00:00,0.0001,54.68,,0.78,True,2025-12-08 08:00:00+00:00,2025-12-09 08:00:00+00:00,weekday,91842.29
otm_put,BTC-9DEC25-84000-P,84000.0,P,2025-12-09 00:00:00+00:00,0.0001,72.79,,0.95,True,2025-12-08 08:00:00+00:00,2025-12-09 08:00:00+00:00,weekday,91842.29
atm_call,BTC-14DEC25-90000-C,90000.0,C,2025-12-14 00:00:00+00:00,0.0055,14.82,,0.03,True,2025-12-13 08:00:00+00:00,2025-12-14 08:00:00+00:00,weekend,90479.06
atm_put,BTC-14DEC25-90000-P,90000.0,P,2025-12-14 00:00:00+00:00,0.0019,17.06,,0.03,True,2025-12-13 08:00:00+00:00,2025-12-14 08:00:00+00:00,weekend,90479.06
otm_call,BTC-14DEC25-95000-C,95000.0,C,2025-12-14 00:00:00+00:00,0.0001,42.58,,1.23,True,2025-12-13 08:00:00+00:00,2025-12-14 08:00:00+00:00,weekend,90479.06
otm_put,BTC-14DEC25-87000-P,87000.0,P,2025-12-14 00:00:00+00:00,0.0001,33.85,,0.05,True,2025-12-13 08:00:00+00:00,2025-12-14 08:00:00+00:00,weekend,90479.06
atm_call,BTC-16DEC25-90000-C,90000.0,C,2025-12-16 00:00:00+00:00,0.0075,38.81,,0.48,True,2025-12-15 08:00:00+00:00,2025-12-16 08:00:00+00:00,weekday,89772.0
atm_put,BTC-16DEC25-90000-P,90000.0,P,2025-12-16 00:00:00+00:00,0.0095,36.52,,0.22,True,2025-12-15 08:00:00+00:00,2025-12-16 08:00:00+00:00,weekday,89772.0
otm_call,BTC-16DEC25-96000-C,96000.0,C,2025-12-16 00:00:00+00:00,0.0002,60.82,,0.29,True,2025-12-15 08:00:00+00:00,2025-12-16 08:00:00+00:00,weekday,89772.0
otm_put,BTC-16DEC25-84000-P,84000.0,P,2025-12-16 00:00:00+00:00,0.0001,54.93,,0.26,True,2025-12-15 08:00:00+00:00,2025-12-16 08:00:00+00:00,weekday,89772.0
atm_call,BTC-21DEC25-88000-C,88000.0,C,2025-12-21 00:00:00+00:00,0.0055,16.32,,0.03,True,2025-12-20 08:00:00+00:00,2025-12-21 08:00:00+00:00,weekend,88213.64
atm_put,BTC-21DEC25-88000-P,88000.0,P,2025-12-21 00:00:00+00:00,0.0019,16.33,,0.03,True,2025-12-20 08:00:00+00:00,2025-12-21 08:00:00+00:00,weekend,88213.64
otm_call,BTC-21DEC25-93000-C,93000.0,C,2025-12-21 00:00:00+00:00,0.0001,44.37,,0.0,True,2025-12-20 08:00:00+00:00,2025-12-21 08:00:00+00:00,weekend,88213.64
otm_put,BTC-21DEC25-83000-P,83000.0,P,2025-12-21 00:00:00+00:00,0.0001,52.72,,0.42,True,2025-12-20 08:00:00+00:00,2025-12-21 08:00:00+00:00,weekend,88213.64
atm_call,BTC-23DEC25-89000-C,89000.0,C,2025-12-23 00:00:00+00:00,0.0125,47.45,,0.33,True,2025-12-22 08:00:00+00:00,2025-12-23 08:00:00+00:00,weekday,89293.99
atm_put,BTC-23DEC25-89000-P,89000.0,P,2025-12-23 00:00:00+00:00,0.0065,46.92,,0.39,True,2025-12-22 08:00:00+00:00,2025-12-23 08:00:00+00:00,weekday,89293.99
otm_call,BTC-23DEC25-96000-C,96000.0,C,2025-12-23 00:00:00+00:00,0.0002,61.42,,0.35,True,2025-12-22 08:00:00+00:00,2025-12-23 08:00:00+00:00,weekday,89293.99
otm_put,BTC-23DEC25-82000-P,82000.0,P,2025-12-23 00:00:00+00:00,0.0001,73.88,,0.48,True,2025-12-22 08:00:00+00:00,2025-12-23 08:00:00+00:00,weekday,89293.99
atm_call,BTC-28DEC25-88000-C,88000.0,C,2025-12-28 00:00:00+00:00,0.0007,12.36,,0.03,True,2025-12-27 08:00:00+00:00,2025-12-28 08:00:00+00:00,weekend,87530.31
atm_put,BTC-28DEC25-88000-P,88000.0,P,2025-12-28 00:00:00+00:00,0.0065,13.86,,0.03,True,2025-12-27 08:00:00+00:00,2025-12-28 08:00:00+00:00,weekend,87530.31
otm_call,BTC-28DEC25-90000-C,90000.0,C,2025-12-28 00:00:00+00:00,0.0003,31.05,,1.24,True,2025-12-27 08:00:00+00:00,2025-12-28 08:00:00+00:00,weekend,87530.31
otm_put,BTC-28DEC25-84000-P,84000.0,P,2025-12-28 00:00:00+00:00,0.0001,38.19,,1.87,True,2025-12-27 08:00:00+00:00,2025-12-28 08:00:00+00:00,weekend,87530.31
atm_call,BTC-30DEC25-89000-C,89000.0,C,2025-12-30 00:00:00+00:00,0.009,37.46,,1.47,True,2025-12-29 08:00:00+00:00,2025-12-30 08:00:00+00:00,weekday,89447.93
atm_put,BTC-30DEC25-89000-P,89000.0,P,2025-12-30 00:00:00+00:00,0.0057,36.12,,1.43,True,2025-12-29 08:00:00+00:00,2025-12-30 08:00:00+00:00,weekday,89447.93
otm_call,BTC-30DEC25-92000-C,92000.0,C,2025-12-30 00:00:00+00:00,0.0006,40.07,,1.45,True,2025-12-29 08:00:00+00:00,2025-12-30 08:00:00+00:00,weekday,89447.93
otm_put,BTC-30DEC25-80000-P,80000.0,P,2025-12-30 00:00:00+00:00,0.0001,83.87,,1.56,True,2025-12-29 08:00:00+00:00,2025-12-30 08:00:00+00:00,weekday,89447.93
