session_start,session_type,session_dow,leg,strike,option_type,position,entry_price,expiry,contracts,spot_at_expiry,exit_price,pnl
2023-01-10 08:00:00+00:00,weekday,tuesday,atm_call,17250.0,C,long,0.003,2023-01-11 08:00:00+00:00,1,17449.45,199.45000000000073,147.10165000000072
2023-01-10 08:00:00+00:00,weekday,tuesday,atm_put,17250.0,P,long,0.006,2023-01-11 08:00:00+00:00,1,17449.45,0.0,-104.6967
2023-02-10 08:00:00+00:00,weekday,friday,atm_call,22000.0,C,long,0.005,2023-02-11 08:00:00+00:00,1,21688.72,0.0,-108.4436
2023-02-10 08:00:00+00:00,weekday,friday,atm_put,22000.0,P,long,0.009,2023-02-11 08:00:00+00:00,1,21688.72,311.27999999999884,116.08151999999885
2023-02-15 08:00:00+00:00,weekday,wednesday,atm_call,22000.0,C,long,0.011,2023-02-16 08:00:00+00:00,1,24583.39,2583.3899999999994,2312.9727099999996
2023-02-15 08:00:00+00:00,weekday,wednesday,atm_put,22000.0,P,long,0.0055,2023-02-16 08:00:00+00:00,1,24583.39,0.0,-135.208645
2023-03-05 08:00:00+00:00,weekend,sunday,atm_call,22250.0,C,long,0.009,2023-03-06 08:00:00+00:00,1,22415.62,165.61999999999898,-36.120580000000984
2023-03-05 08:00:00+00:00,weekend,sunday,atm_put,22250.0,P,long,0.004,2023-03-06 08:00:00+00:00,1,22415.62,0.0,-89.66248
2023-03-28 08:00:00+00:00,weekday,tuesday,atm_call,27000.0,C,long,0.01,2023-03-29 08:00:00+00:00,1,28095.96,1095.9599999999991,815.0003999999991
2023-03-28 08:00:00+00:00,weekday,tuesday,atm_put,27000.0,P,long,0.012,2023-03-29 08:00:00+00:00,1,28095.96,0.0,-337.15152
2023-04-04 08:00:00+00:00,weekday,tuesday,atm_call,28000.0,C,long,0.011,2023-04-05 08:00:00+00:00,1,28539.73,539.7299999999996,225.79296999999957
2023-04-04 08:00:00+00:00,weekday,tuesday,atm_put,28000.0,P,long,0.009,2023-04-05 08:00:00+00:00,1,28539.73,0.0,-256.85756999999995
2023-04-05 08:00:00+00:00,weekday,wednesday,atm_call,28500.0,C,long,0.0105,2023-04-06 08:00:00+00:00,1,27927.36,0.0,-293.23728
2023-04-05 08:00:00+00:00,weekday,wednesday,atm_put,28500.0,P,long,0.009,2023-04-06 08:00:00+00:00,1,27927.36,572.6399999999994,321.29375999999945
2023-04-20 08:00:00+00:00,weekday,thursday,atm_call,29000.0,C,long,0.007,2023-04-21 08:00:00+00:00,1,28156.53,0.0,-197.09571
2023-04-20 08:00:00+00:00,weekday,thursday,atm_put,29000.0,P,long,0.011,2023-04-21 08:00:00+00:00,1,28156.53,843.4700000000012,533.7481700000012
2023-04-23 08:00:00+00:00,weekend,sunday,atm_call,27750.0,C,long,0.0055,2023-04-24 08:00:00+00:00,1,27452.08,0.0,-150.98644
2023-04-23 08:00:00+00:00,weekend,sunday,atm_put,27750.0,P,long,0.007,2023-04-24 08:00:00+00:00,1,27452.08,297.91999999999825,105.75543999999823
2023-04-25 08:00:00+00:00,weekday,tuesday,atm_call,27250.0,C,long,0.0075,2023-04-26 08:00:00+00:00,1,28379.32,1129.3199999999997,916.4750999999997
2023-04-25 08:00:00+00:00,weekday,tuesday,atm_put,27250.0,P,long,0.0075,2023-04-26 08:00:00+00:00,1,28379.32,0.0,-212.8449
2023-04-26 08:00:00+00:00,weekday,wednesday,atm_call,28500.0,C,long,0.012,2023-04-27 08:00:00+00:00,1,28901.46,401.4599999999991,54.642479999999125
2023-04-26 08:00:00+00:00,weekday,wednesday,atm_put,28500.0,P,long,0.006,2023-04-27 08:00:00+00:00,1,28901.46,0.0,-173.40876
2023-04-27 08:00:00+00:00,weekday,thursday,atm_call,29000.0,C,long,0.009,2023-04-28 08:00:00+00:00,1,29505.58,505.58000000000175,240.02978000000178
2023-04-27 08:00:00+00:00,weekday,thursday,atm_put,29000.0,P,long,0.0125,2023-04-28 08:00:00+00:00,1,29505.58,0.0,-368.81975000000006
2023-04-30 08:00:00+00:00,weekend,sunday,atm_call,29250.0,C,long,0.0055,2023-05-01 08:00:00+00:00,1,28640.55,0.0,-157.523025
2023-04-30 08:00:00+00:00,weekend,sunday,atm_put,29250.0,P,long,0.0045,2023-05-01 08:00:00+00:00,1,28640.55,609.4500000000007,480.5675250000007
2023-05-01 08:00:00+00:00,weekday,monday,atm_call,28750.0,C,long,0.007,2023-05-02 08:00:00+00:00,1,28060.7,0.0,-196.4249
2023-05-01 08:00:00+00:00,weekday,monday,atm_put,28750.0,P,long,0.0115,2023-05-02 08:00:00+00:00,1,28060.7,689.2999999999993,366.60194999999925
2023-05-02 08:00:00+00:00,weekday,tuesday,atm_call,28000.0,C,long,0.0095,2023-05-03 08:00:00+00:00,1,28668.53,668.5299999999988,396.17896499999887
2023-05-02 08:00:00+00:00,weekday,tuesday,atm_put,28000.0,P,long,0.0075,2023-05-03 08:00:00+00:00,1,28668.53,0.0,-215.013975
2023-05-07 08:00:00+00:00,weekend,sunday,atm_call,29000.0,C,long,0.0045,2023-05-08 08:00:00+00:00,1,28011.84,0.0,-126.05327999999999
2023-05-07 08:00:00+00:00,weekend,sunday,atm_put,29000.0,P,long,0.0075,2023-05-08 08:00:00+00:00,1,28011.84,988.1599999999999,778.0711999999999
2023-05-11 08:00:00+00:00,weekday,thursday,atm_call,27500.0,C,long,0.0075,2023-05-12 08:00:00+00:00,1,26319.13,0.0,-197.393475
2023-05-11 08:00:00+00:00,weekday,thursday,atm_put,27500.0,P,long,0.01,2023-05-12 08:00:00+00:00,1,26319.13,1180.869999999999,917.678699999999
2023-05-21 08:00:00+00:00,weekend,sunday,atm_call,27250.0,C,long,0.0025,2023-05-22 08:00:00+00:00,1,26848.36,0.0,-67.1209
2023-05-21 08:00:00+00:00,weekend,sunday,atm_put,27000.0,P,long,0.003,2023-05-22 08:00:00+00:00,1,26848.36,151.63999999999942,71.09491999999942
2023-05-24 08:00:00+00:00,weekday,wednesday,atm_call,26750.0,C,long,0.006,2023-05-25 08:00:00+00:00,1,26120.56,0.0,-156.72336
2023-05-24 08:00:00+00:00,weekday,wednesday,atm_put,26750.0,P,long,0.007,2023-05-25 08:00:00+00:00,1,26120.56,629.4399999999987,446.59607999999866
2023-05-28 08:00:00+00:00,weekend,sunday,atm_call,27250.0,C,long,0.005,2023-05-29 08:00:00+00:00,1,27911.44,661.4399999999987,521.8827999999987
2023-05-28 08:00:00+00:00,weekend,sunday,atm_put,27250.0,P,long,0.0065,2023-05-29 08:00:00+00:00,1,27911.44,0.0,-181.42435999999998
2023-05-29 08:00:00+00:00,weekday,monday,atm_call,28000.0,C,long,0.0065,2023-05-30 08:00:00+00:00,1,27739.71,0.0,-180.308115
2023-05-29 08:00:00+00:00,weekday,monday,atm_put,28000.0,P,long,0.0085,2023-05-30 08:00:00+00:00,1,27739.71,260.2900000000009,24.502465000000853
2023-05-31 08:00:00+00:00,weekday,wednesday,atm_call,27250.0,C,long,0.006,2023-06-01 08:00:00+00:00,1,26804.88,0.0,-160.82928
2023-05-31 08:00:00+00:00,weekday,wednesday,atm_put,27250.0,P,long,0.011,2023-06-01 08:00:00+00:00,1,26804.88,445.119999999999,150.26631999999898
2023-06-04 08:00:00+00:00,weekend,sunday,atm_call,27250.0,C,long,0.003,2023-06-05 08:00:00+00:00,1,26845.46,0.0,-80.53638
2023-06-04 08:00:00+00:00,weekend,sunday,atm_put,27250.0,P,long,0.0065,2023-06-05 08:00:00+00:00,1,26845.46,404.5400000000009,230.04451000000088
2023-06-06 08:00:00+00:00,weekday,tuesday,atm_call,25750.0,C,long,0.007,2023-06-07 08:00:00+00:00,1,26804.58,1054.5800000000017,866.9479400000017
2023-06-06 08:00:00+00:00,weekday,tuesday,atm_put,25750.0,P,long,0.0085,2023-06-07 08:00:00+00:00,1,26804.58,0.0,-227.83893000000003
2023-06-07 08:00:00+00:00,weekday,wednesday,atm_call,26750.0,C,long,0.009,2023-06-08 08:00:00+00:00,1,26443.88,0.0,-237.99491999999998
2023-06-07 08:00:00+00:00,weekday,wednesday,atm_put,26750.0,P,long,0.0065,2023-06-08 08:00:00+00:00,1,26443.88,306.119999999999,134.23477999999898
2023-06-11 08:00:00+00:00,weekend,sunday,atm_call,25750.0,C,long,0.007,2023-06-12 08:00:00+00:00,1,25814.9,64.90000000000146,-115.80429999999856
2023-06-11 08:00:00+00:00,weekend,sunday,atm_put,25750.0,P,long,0.0065,2023-06-12 08:00:00+00:00,1,25814.9,0.0,-167.79685
2023-06-21 08:00:00+00:00,weekday,wednesday,atm_call,28750.0,C,long,0.0125,2023-06-22 08:00:00+00:00,1,30099.33,1349.3300000000017,973.0883750000016
2023-06-21 08:00:00+00:00,weekday,wednesday,atm_put,28750.0,P,long,0.007,2023-06-22 08:00:00+00:00,1,30099.33,0.0,-210.69531
2023-06-24 08:00:00+00:00,weekend,saturday,atm_call,30500.0,C,long,0.008,2023-06-25 08:00:00+00:00,1,30739.12,239.11999999999898,-6.792960000001017
2023-06-24 08:00:00+00:00,weekend,saturday,atm_put,30500.0,P,long,0.004,2023-06-25 08:00:00+00:00,1,30739.12,0.0,-122.95648
2023-06-28 08:00:00+00:00,weekday,wednesday,atm_call,30250.0,C,long,0.007,2023-06-29 08:00:00+00:00,1,30337.12,87.11999999999898,-125.23984000000101
2023-06-28 08:00:00+00:00,weekday,wednesday,atm_put,30250.0,P,long,0.0085,2023-06-29 08:00:00+00:00,1,30337.12,0.0,-257.86552
2023-07-01 08:00:00+00:00,weekend,saturday,atm_call,30500.0,C,long,0.0045,2023-07-02 08:00:00+00:00,1,30506.39,6.389999999999418,-130.88875500000057
2023-07-01 08:00:00+00:00,weekend,saturday,atm_put,30500.0,P,long,0.0055,2023-07-02 08:00:00+00:00,1,30506.39,0.0,-167.785145
2023-07-07 08:00:00+00:00,weekday,friday,atm_call,30000.0,C,long,0.009,2023-07-08 08:00:00+00:00,1,30198.75,198.75,-73.03875
2023-07-07 08:00:00+00:00,weekday,friday,atm_put,30000.0,P,long,0.0065,2023-07-08 08:00:00+00:00,1,30198.75,0.0,-196.291875
2023-07-11 08:00:00+00:00,weekday,tuesday,atm_call,30500.0,C,long,0.0075,2023-07-12 08:00:00+00:00,1,30744.98,244.97999999999956,14.392649999999577
2023-07-11 08:00:00+00:00,weekday,tuesday,atm_put,30500.0,P,long,0.0055,2023-07-12 08:00:00+00:00,1,30744.98,0.0,-169.09739
2023-07-14 08:00:00+00:00,weekday,friday,atm_call,31250.0,C,long,0.0075,2023-07-15 08:00:00+00:00,1,30345.61,0.0,-227.592075
2023-07-14 08:00:00+00:00,weekday,friday,atm_put,31000.0,P,long,0.0041,2023-07-15 08:00:00+00:00,1,30345.61,654.3899999999994,529.9729989999994
2023-07-15 08:00:00+00:00,weekend,saturday,atm_call,30250.0,C,long,0.0055,2023-07-16 08:00:00+00:00,1,30276.81,26.81000000000131,-139.7124549999987
2023-07-15 08:00:00+00:00,weekend,saturday,atm_put,30250.0,P,long,0.0028,2023-07-16 08:00:00+00:00,1,30276.81,0.0,-84.775068
2023-07-19 08:00:00+00:00,weekday,wednesday,atm_call,30000.0,C,long,0.0055,2023-07-20 08:00:00+00:00,1,30207.29,207.29000000000087,41.14990500000087
2023-07-19 08:00:00+00:00,weekday,wednesday,atm_put,30000.0,P,long,0.006,2023-07-20 08:00:00+00:00,1,30207.29,0.0,-181.24374
2023-07-21 08:00:00+00:00,weekday,friday,atm_call,29750.0,C,long,0.0065,2023-07-22 08:00:00+00:00,1,29944.39,194.38999999999942,-0.24853500000057238
2023-07-21 08:00:00+00:00,weekday,friday,atm_put,29750.0,P,long,0.0047,2023-07-22 08:00:00+00:00,1,29944.39,0.0,-140.738633
2023-07-25 08:00:00+00:00,weekday,tuesday,atm_call,29250.0,C,long,0.0038,2023-07-26 08:00:00+00:00,1,29214.37,0.0,-111.014606
2023-07-25 08:00:00+00:00,weekday,tuesday,atm_put,29250.0,P,long,0.008,2023-07-26 08:00:00+00:00,1,29214.37,35.63000000000102,-198.08495999999897
2023-07-31 08:00:00+00:00,weekday,monday,atm_call,29250.0,C,long,0.0075,2023-08-01 08:00:00+00:00,1,28925.19,0.0,-216.93892499999998
2023-07-31 08:00:00+00:00,weekday,monday,atm_put,29250.0,P,long,0.003,2023-08-01 08:00:00+00:00,1,28925.19,324.8100000000013,238.0344300000013
2023-08-02 08:00:00+00:00,weekday,wednesday,atm_call,29500.0,C,long,0.007,2023-08-03 08:00:00+00:00,1,29013.21,0.0,-203.09247
2023-08-02 08:00:00+00:00,weekday,wednesday,atm_put,29500.0,P,long,0.0055,2023-08-03 08:00:00+00:00,1,29013.21,486.7900000000009,327.2173450000009
2023-08-09 08:00:00+00:00,weekday,wednesday,atm_call,29750.0,C,long,0.008,2023-08-10 08:00:00+00:00,1,29482.35,0.0,-235.8588
2023-08-09 08:00:00+00:00,weekday,wednesday,atm_put,29750.0,P,long,0.0047,2023-08-10 08:00:00+00:00,1,29482.35,267.65000000000146,129.08295500000145
2023-08-18 08:00:00+00:00,weekday,friday,atm_call,26500.0,C,long,0.01,2023-08-19 08:00:00+00:00,1,25908.44,0.0,-259.0844
2023-08-18 08:00:00+00:00,weekday,friday,atm_put,26500.0,P,long,0.0075,2023-08-19 08:00:00+00:00,1,25908.44,591.5600000000013,397.24670000000134
2023-08-24 08:00:00+00:00,weekday,thursday,atm_call,26500.0,C,long,0.005,2023-08-25 08:00:00+00:00,1,25964.81,0.0,-129.82405
2023-08-24 08:00:00+00:00,weekday,thursday,atm_put,26500.0,P,long,0.007,2023-08-25 08:00:00+00:00,1,25964.81,535.1899999999987,353.4363299999987
2023-08-30 08:00:00+00:00,weekday,wednesday,atm_call,27500.0,C,long,0.006,2023-08-31 08:00:00+00:00,1,27255.76,0.0,-163.53456
2023-08-30 08:00:00+00:00,weekday,wednesday,atm_put,27500.0,P,long,0.009,2023-08-31 08:00:00+00:00,1,27255.76,244.2400000000016,-1.0618399999983694
2023-09-01 08:00:00+00:00,weekday,friday,atm_call,26000.0,C,long,0.005,2023-09-02 08:00:00+00:00,1,25787.27,0.0,-128.93635
2023-09-01 08:00:00+00:00,weekday,friday,atm_put,26000.0,P,long,0.006,2023-09-02 08:00:00+00:00,1,25787.27,212.72999999999956,58.00637999999955
2023-09-07 08:00:00+00:00,weekday,thursday,atm_call,25750.0,C,long,0.0055,2023-09-08 08:00:00+00:00,1,26247.54,497.5400000000009,353.1785300000009
2023-09-07 08:00:00+00:00,weekday,thursday,atm_put,25750.0,P,long,0.0055,2023-09-08 08:00:00+00:00,1,26247.54,0.0,-144.36147
2023-09-12 08:00:00+00:00,weekday,tuesday,atm_call,25750.0,C,long,0.0075,2023-09-13 08:00:00+00:00,1,25874.67,124.66999999999825,-69.39002500000171
2023-09-12 08:00:00+00:00,weekday,tuesday,atm_put,25750.0,P,long,0.0055,2023-09-13 08:00:00+00:00,1,25874.67,0.0,-142.31068499999998
2023-09-14 08:00:00+00:00,weekday,thursday,atm_call,26250.0,C,long,0.0085,2023-09-15 08:00:00+00:00,1,26569.21,319.2099999999991,93.37171499999911
2023-09-14 08:00:00+00:00,weekday,thursday,atm_put,26250.0,P,long,0.0049,2023-09-15 08:00:00+00:00,1,26569.21,0.0,-130.18912899999998
2023-09-18 08:00:00+00:00,weekday,monday,atm_call,26750.0,C,long,0.0045,2023-09-19 08:00:00+00:00,1,26854.96,104.95999999999913,-15.887320000000855
2023-09-18 08:00:00+00:00,weekday,monday,atm_put,26750.0,P,long,0.006,2023-09-19 08:00:00+00:00,1,26854.96,0.0,-161.12976
2023-09-19 08:00:00+00:00,weekday,tuesday,atm_call,26750.0,C,long,0.023,2023-09-20 08:00:00+00:00,1,27108.95,358.9500000000007,-264.5558499999993
2023-09-19 08:00:00+00:00,weekday,tuesday,atm_put,26750.0,P,long,0.0014,2023-09-20 08:00:00+00:00,1,27108.95,0.0,-37.95253
2023-09-21 08:00:00+00:00,weekday,thursday,atm_call,27000.0,C,long,0.006,2023-09-22 08:00:00+00:00,1,26672.34,0.0,-160.03404
2023-09-21 08:00:00+00:00,weekday,thursday,atm_put,27000.0,P,long,0.008,2023-09-22 08:00:00+00:00,1,26672.34,327.65999999999985,114.28127999999984
2023-09-25 08:00:00+00:00,weekday,monday,atm_call,26250.0,C,long,0.004,2023-09-26 08:00:00+00:00,1,26264.03,14.029999999998836,-91.02612000000116
2023-09-25 08:00:00+00:00,weekday,monday,atm_put,26250.0,P,long,0.008,2023-09-26 08:00:00+00:00,1,26264.03,0.0,-210.11223999999999
2023-09-28 08:00:00+00:00,weekday,thursday,atm_call,26500.0,C,long,0.005,2023-09-29 08:00:00+00:00,1,27178.03,678.0299999999988,542.1398499999989
2023-09-28 08:00:00+00:00,weekday,thursday,atm_put,26500.0,P,long,0.008,2023-09-29 08:00:00+00:00,1,27178.03,0.0,-217.42424
2023-10-02 08:00:00+00:00,weekday,monday,atm_call,28250.0,C,long,0.009,2023-10-03 08:00:00+00:00,1,27539.1,0.0,-247.85189999999997
2023-10-02 08:00:00+00:00,weekday,monday,atm_put,28250.0,P,long,0.0055,2023-10-03 08:00:00+00:00,1,27539.1,710.9000000000015,559.4349500000014
2023-10-03 08:00:00+00:00,weekday,tuesday,atm_call,27500.0,C,long,0.0075,2023-10-04 08:00:00+00:00,1,27455.5,0.0,-205.91625
2023-10-03 08:00:00+00:00,weekday,tuesday,atm_put,27500.0,P,long,0.0047,2023-10-04 08:00:00+00:00,1,27455.5,44.5,-84.54085
2023-10-08 08:00:00+00:00,weekend,sunday,atm_call,28000.0,C,long,0.0042,2023-10-09 08:00:00+00:00,1,27827.13,0.0,-116.873946
2023-10-08 08:00:00+00:00,weekend,sunday,atm_put,28000.0,P,long,0.0075,2023-10-09 08:00:00+00:00,1,27827.13,172.86999999999898,-35.833475000001016
2023-10-16 08:00:00+00:00,weekday,monday,atm_call,27750.0,C,long,0.009,2023-10-17 08:00:00+00:00,1,28439.46,689.4599999999991,433.50485999999916
2023-10-16 08:00:00+00:00,weekday,monday,atm_put,27750.0,P,long,0.005,2023-10-17 08:00:00+00:00,1,28439.46,0.0,-142.1973
2023-10-17 08:00:00+00:00,weekday,tuesday,atm_call,28500.0,C,long,0.0075,2023-10-18 08:00:00+00:00,1,28508.62,8.619999999998981,-205.194650000001
2023-10-17 08:00:00+00:00,weekday,tuesday,atm_put,28500.0,P,long,0.0105,2023-10-18 08:00:00+00:00,1,28508.62,0.0,-299.34051
2023-11-06 08:00:00+00:00,weekday,monday,atm_call,35000.0,C,long,0.0075,2023-11-07 08:00:00+00:00,1,34918.09,0.0,-261.885675
2023-11-06 08:00:00+00:00,weekday,monday,atm_put,35000.0,P,long,0.0095,2023-11-07 08:00:00+00:00,1,34918.09,81.91000000000349,-249.81185499999646
2023-11-15 08:00:00+00:00,weekday,wednesday,atm_call,35750.0,C,long,0.0095,2023-11-16 08:00:00+00:00,1,37304.64,1554.6399999999994,1200.2459199999994
2023-11-15 08:00:00+00:00,weekday,wednesday,atm_put,35750.0,P,long,0.0085,2023-11-16 08:00:00+00:00,1,37304.64,0.0,-317.08944
2023-11-16 08:00:00+00:00,weekday,thursday,atm_call,37250.0,C,long,0.0125,2023-11-17 08:00:00+00:00,1,36407.43,0.0,-455.09287500000005
2023-11-16 08:00:00+00:00,weekday,thursday,atm_put,37250.0,P,long,0.0085,2023-11-17 08:00:00+00:00,1,36407.43,842.5699999999997,533.1068449999997
2023-11-22 08:00:00+00:00,weekday,wednesday,atm_call,36500.0,C,long,0.008,2023-11-23 08:00:00+00:00,1,37512.36,1012.3600000000006,712.2611200000006
2023-11-22 08:00:00+00:00,weekday,wednesday,atm_put,36500.0,P,long,0.009,2023-11-23 08:00:00+00:00,1,37512.36,0.0,-337.61123999999995
2023-12-03 08:00:00+00:00,weekend,sunday,atm_call,39500.0,C,long,0.0065,2023-12-04 08:00:00+00:00,1,41695.39,2195.3899999999994,1924.3699649999994
2023-12-03 08:00:00+00:00,weekend,sunday,atm_put,39500.0,P,long,0.006,2023-12-04 08:00:00+00:00,1,41695.39,0.0,-250.17234
2023-12-10 08:00:00+00:00,weekend,sunday,atm_call,43750.0,C,long,0.0065,2023-12-11 08:00:00+00:00,1,42233.85,0.0,-274.520025
2023-12-10 08:00:00+00:00,weekend,sunday,atm_put,43750.0,P,long,0.0024,2023-12-11 08:00:00+00:00,1,42233.85,1516.1500000000015,1414.7887600000015
2023-12-11 08:00:00+00:00,weekday,monday,atm_call,42250.0,C,long,0.0085,2023-12-12 08:00:00+00:00,1,42027.66,0.0,-357.2351100000001
2023-12-11 08:00:00+00:00,weekday,monday,atm_put,42250.0,P,long,0.01,2023-12-12 08:00:00+00:00,1,42027.66,222.3399999999965,-197.93660000000352
2023-12-13 08:00:00+00:00,weekday,wednesday,atm_call,41250.0,C,long,0.0085,2023-12-14 08:00:00+00:00,1,42770.92,1520.9199999999983,1157.3671799999984
2023-12-13 08:00:00+00:00,weekday,wednesday,atm_put,41250.0,P,long,0.011,2023-12-14 08:00:00+00:00,1,42770.92,0.0,-470.48011999999994
2023-12-15 08:00:00+00:00,weekday,friday,atm_call,43000.0,C,long,0.0055,2023-12-16 08:00:00+00:00,1,42137.29,0.0,-231.75509499999998
2023-12-15 08:00:00+00:00,weekday,friday,atm_put,43000.0,P,long,0.01,2023-12-16 08:00:00+00:00,1,42137.29,862.7099999999991,441.3370999999991
2023-12-19 08:00:00+00:00,weekday,tuesday,atm_call,43000.0,C,long,0.011,2023-12-20 08:00:00+00:00,1,42764.44,0.0,-470.40884
2023-12-19 08:00:00+00:00,weekday,tuesday,atm_put,43000.0,P,long,0.007,2023-12-20 08:00:00+00:00,1,42764.44,235.55999999999767,-63.79108000000235
2023-12-20 08:00:00+00:00,weekday,wednesday,atm_call,42750.0,C,long,0.0095,2023-12-21 08:00:00+00:00,1,43676.56,926.5599999999977,511.6326799999977
2023-12-20 08:00:00+00:00,weekday,wednesday,atm_put,42750.0,P,long,0.007,2023-12-21 08:00:00+00:00,1,43676.56,0.0,-305.73591999999996
2023-12-21 08:00:00+00:00,weekday,thursday,atm_call,43500.0,C,long,0.011,2023-12-22 08:00:00+00:00,1,43612.76,112.76000000000204,-366.980359999998
2023-12-21 08:00:00+00:00,weekday,thursday,atm_put,43500.0,P,long,0.0055,2023-12-22 08:00:00+00:00,1,43612.76,0.0,-239.87018
2023-12-24 08:00:00+00:00,weekend,sunday,atm_call,43750.0,C,long,0.005,2023-12-25 08:00:00+00:00,1,43124.45,0.0,-215.62224999999998
2023-12-24 08:00:00+00:00,weekend,sunday,atm_put,43750.0,P,long,0.0065,2023-12-25 08:00:00+00:00,1,43124.45,625.5500000000029,345.2410750000029
2024-01-15 08:00:00+00:00,weekday,monday,atm_call,42750.0,C,long,0.01,2024-01-16 08:00:00+00:00,1,42972.19,222.19000000000233,-207.53189999999768
2024-01-15 08:00:00+00:00,weekday,monday,atm_put,42750.0,P,long,0.0115,2024-01-16 08:00:00+00:00,1,42972.19,0.0,-494.180185
2024-01-20 08:00:00+00:00,weekend,saturday,atm_call,41500.0,C,long,0.007,2024-01-21 08:00:00+00:00,1,41641.0,141.0,-150.48700000000002
2024-01-20 08:00:00+00:00,weekend,saturday,atm_put,41500.0,P,long,0.0039,2024-01-21 08:00:00+00:00,1,41641.0,0.0,-162.3999
2024-01-24 08:00:00+00:00,weekday,wednesday,atm_call,40000.0,C,long,0.0105,2024-01-25 08:00:00+00:00,1,40057.73,57.7300000000032,-362.87616499999683
2024-01-24 08:00:00+00:00,weekday,wednesday,atm_put,40000.0,P,long,0.0085,2024-01-25 08:00:00+00:00,1,40057.73,0.0,-340.49070500000005
2024-01-27 08:00:00+00:00,weekend,saturday,atm_call,41500.0,C,long,0.0055,2024-01-28 08:00:00+00:00,1,42494.09,994.0899999999965,760.3725049999965
2024-01-27 08:00:00+00:00,weekend,saturday,atm_put,41500.0,P,long,0.0025,2024-01-28 08:00:00+00:00,1,42494.09,0.0,-106.235225
2024-01-30 08:00:00+00:00,weekday,tuesday,atm_call,43500.0,C,long,0.006,2024-01-31 08:00:00+00:00,1,42954.65,0.0,-257.72790000000003
2024-01-30 08:00:00+00:00,weekday,tuesday,atm_put,43500.0,P,long,0.009,2024-01-31 08:00:00+00:00,1,42954.65,545.3499999999985,158.75814999999858
2024-02-01 08:00:00+00:00,weekday,thursday,atm_call,42000.0,C,long,0.011,2024-02-02 08:00:00+00:00,1,42989.87,989.8700000000026,516.9814300000025
2024-02-01 08:00:00+00:00,weekday,thursday,atm_put,42000.0,P,long,0.0075,2024-02-02 08:00:00+00:00,1,42989.87,0.0,-322.42402500000003
2024-02-05 08:00:00+00:00,weekday,monday,atm_call,43000.0,C,long,0.0095,2024-02-06 08:00:00+00:00,1,43025.45,25.44999999999709,-383.2917750000029
2024-02-05 08:00:00+00:00,weekday,monday,atm_put,43000.0,P,long,0.0055,2024-02-06 08:00:00+00:00,1,43025.45,0.0,-236.63997499999996
2024-02-06 08:00:00+00:00,weekday,tuesday,atm_call,43000.0,C,long,0.0055,2024-02-07 08:00:00+00:00,1,42915.7,0.0,-236.03634999999997
2024-02-06 08:00:00+00:00,weekday,tuesday,atm_put,43000.0,P,long,0.008,2024-02-07 08:00:00+00:00,1,42915.7,84.30000000000291,-259.0255999999971
2024-02-09 08:00:00+00:00,weekday,friday,atm_call,46750.0,C,long,0.0095,2024-02-10 08:00:00+00:00,1,47132.65,382.65000000000146,-65.11017499999855
2024-02-09 08:00:00+00:00,weekday,friday,atm_put,46500.0,P,long,0.007,2024-02-10 08:00:00+00:00,1,47132.65,0.0,-329.92855000000003
2024-02-13 08:00:00+00:00,weekday,tuesday,atm_call,50250.0,C,long,0.0085,2024-02-14 08:00:00+00:00,1,50784.6,534.5999999999985,102.93089999999853
2024-02-13 08:00:00+00:00,weekday,tuesday,atm_put,50250.0,P,long,0.012,2024-02-14 08:00:00+00:00,1,50784.6,0.0,-609.4152
2024-04-13 08:00:00+00:00,weekend,saturday,atm_call,67500.0,C,long,0.006,2024-04-14 08:00:00+00:00,1,64496.17,0.0,-386.97702
2024-04-13 08:00:00+00:00,weekend,saturday,atm_put,67500.0,P,long,0.009,2024-04-14 08:00:00+00:00,1,64496.17,3003.8300000000017,2423.364470000002
2024-04-27 08:00:00+00:00,weekend,saturday,atm_call,63000.0,C,long,0.005,2024-04-28 08:00:00+00:00,1,63883.22,883.2200000000012,563.8039000000011
2024-04-27 08:00:00+00:00,weekend,saturday,atm_put,63000.0,P,long,0.0065,2024-04-28 08:00:00+00:00,1,63883.22,0.0,-415.24093
2024-04-30 08:00:00+00:00,weekday,tuesday,atm_call,63000.0,C,long,0.0045,2024-05-01 08:00:00+00:00,1,57435.58,0.0,-258.46011
2024-04-30 08:00:00+00:00,weekday,tuesday,atm_put,63000.0,P,long,0.023,2024-05-01 08:00:00+00:00,1,57435.58,5564.419999999998,4243.401659999998
2024-05-02 08:00:00+00:00,weekday,thursday,atm_call,57500.0,C,long,0.0135,2024-05-03 08:00:00+00:00,1,59183.14,1683.1399999999994,884.1676099999994
2024-05-02 08:00:00+00:00,weekday,thursday,atm_put,57500.0,P,long,0.0084,2024-05-03 08:00:00+00:00,1,59183.14,0.0,-497.13837599999994
2024-05-04 08:00:00+00:00,weekend,saturday,atm_call,63000.0,C,long,0.0075,2024-05-05 08:00:00+00:00,1,63743.84,743.8399999999965,265.76119999999656
2024-05-04 08:00:00+00:00,weekend,saturday,atm_put,63000.0,P,long,0.006,2024-05-05 08:00:00+00:00,1,63743.84,0.0,-382.46304
2024-05-07 08:00:00+00:00,weekday,tuesday,atm_call,63500.0,C,long,0.017,2024-05-08 08:00:00+00:00,1,62200.98,0.0,-1057.41666
2024-05-07 08:00:00+00:00,weekday,tuesday,atm_put,63500.0,P,long,0.005,2024-05-08 08:00:00+00:00,1,62200.98,1299.0199999999968,988.0150999999968
2024-05-11 08:00:00+00:00,weekend,saturday,atm_call,61000.0,C,long,0.006,2024-05-12 08:00:00+00:00,1,60811.46,0.0,-364.86876
2024-05-11 08:00:00+00:00,weekend,saturday,atm_put,61000.0,P,long,0.006,2024-05-12 08:00:00+00:00,1,60811.46,188.54000000000087,-176.32875999999914
2024-05-18 08:00:00+00:00,weekend,saturday,atm_call,67000.0,C,long,0.0045,2024-05-19 08:00:00+00:00,1,67333.31,333.3099999999977,30.31010499999769
2024-05-18 08:00:00+00:00,weekend,saturday,atm_put,67000.0,P,long,0.006,2024-05-19 08:00:00+00:00,1,67333.31,0.0,-403.99986
2024-05-20 08:00:00+00:00,weekday,monday,atm_call,67000.0,C,long,0.0085,2024-05-21 08:00:00+00:00,1,70859.96,3859.9600000000064,3257.6503400000065
2024-05-20 08:00:00+00:00,weekday,monday,atm_put,67000.0,P,long,0.01,2024-05-21 08:00:00+00:00,1,70859.96,0.0,-708.5996000000001
2024-05-21 08:00:00+00:00,weekday,tuesday,atm_call,71000.0,C,long,0.011,2024-05-22 08:00:00+00:00,1,69701.88,0.0,-766.72068
2024-05-21 08:00:00+00:00,weekday,tuesday,atm_put,70500.0,P,long,0.0065,2024-05-22 08:00:00+00:00,1,69701.88,798.1199999999953,345.0577799999953
2024-05-24 08:00:00+00:00,weekday,friday,atm_call,67000.0,C,long,0.01,2024-05-25 08:00:00+00:00,1,68738.75,1738.75,1051.3625
2024-05-24 08:00:00+00:00,weekday,friday,atm_put,67000.0,P,long,0.008,2024-05-25 08:00:00+00:00,1,68738.75,0.0,-549.91
2024-05-25 08:00:00+00:00,weekend,saturday,atm_call,69000.0,C,long,0.0029,2024-05-26 08:00:00+00:00,1,69307.71,307.7100000000064,106.71764100000641
2024-05-25 08:00:00+00:00,weekend,saturday,atm_put,68500.0,P,long,0.003,2024-05-26 08:00:00+00:00,1,69307.71,0.0,-207.92313000000001
2024-06-01 08:00:00+00:00,weekend,saturday,atm_call,67500.0,C,long,0.005,2024-06-02 08:00:00+00:00,1,67672.85,172.85000000000582,-165.5142499999942
2024-06-01 08:00:00+00:00,weekend,saturday,atm_put,67500.0,P,long,0.0028,2024-06-02 08:00:00+00:00,1,67672.85,0.0,-189.48398
2024-06-03 08:00:00+00:00,weekday,monday,atm_call,69000.0,C,long,0.01,2024-06-04 08:00:00+00:00,1,68996.14,0.0,-689.9614
2024-06-03 08:00:00+00:00,weekday,monday,atm_put,69000.0,P,long,0.0055,2024-06-04 08:00:00+00:00,1,68996.14,3.860000000000582,-375.6187699999994
2024-06-04 08:00:00+00:00,weekday,tuesday,atm_call,69000.0,C,long,0.0075,2024-06-05 08:00:00+00:00,1,71191.23,2191.229999999996,1657.295774999996
2024-06-04 08:00:00+00:00,weekday,tuesday,atm_put,69000.0,P,long,0.008,2024-06-05 08:00:00+00:00,1,71191.23,0.0,-569.52984
2024-06-08 08:00:00+00:00,weekend,saturday,atm_call,69500.0,C,long,0.0043,2024-06-09 08:00:00+00:00,1,69294.47,0.0,-297.966221
2024-06-08 08:00:00+00:00,weekend,saturday,atm_put,69500.0,P,long,0.0047,2024-06-09 08:00:00+00:00,1,69294.47,205.52999999999884,-120.15400900000117
2024-06-13 08:00:00+00:00,weekday,thursday,atm_call,67500.0,C,long,0.007,2024-06-14 08:00:00+00:00,1,66860.22,0.0,-468.02154
2024-06-13 08:00:00+00:00,weekday,thursday,atm_put,67500.0,P,long,0.0075,2024-06-14 08:00:00+00:00,1,66860.22,639.7799999999988,138.32834999999886
2024-06-15 08:00:00+00:00,weekend,saturday,atm_call,66000.0,C,long,0.0055,2024-06-16 08:00:00+00:00,1,66219.07,219.07000000000698,-145.134884999993
2024-06-15 08:00:00+00:00,weekend,saturday,atm_put,66000.0,P,long,0.004,2024-06-16 08:00:00+00:00,1,66219.07,0.0,-264.87628
2024-06-22 08:00:00+00:00,weekend,saturday,atm_call,64500.0,C,long,0.0029,2024-06-23 08:00:00+00:00,1,64381.96,0.0,-186.70768399999997
2024-06-22 08:00:00+00:00,weekend,saturday,atm_put,64500.0,P,long,0.0033,2024-06-23 08:00:00+00:00,1,64381.96,118.04000000000087,-94.42046799999912
2024-06-25 08:00:00+00:00,weekday,tuesday,atm_call,60500.0,C,long,0.013,2024-06-26 08:00:00+00:00,1,61712.06,1212.0599999999977,409.80321999999774
2024-06-25 08:00:00+00:00,weekday,tuesday,atm_put,60500.0,P,long,0.0065,2024-06-26 08:00:00+00:00,1,61712.06,0.0,-401.12838999999997
2024-06-26 08:00:00+00:00,weekday,wednesday,atm_call,61500.0,C,long,0.0075,2024-06-27 08:00:00+00:00,1,60725.52,0.0,-455.4414
2024-06-26 08:00:00+00:00,weekday,wednesday,atm_put,61500.0,P,long,0.0085,2024-06-27 08:00:00+00:00,1,60725.52,774.4800000000032,258.3130800000032
2024-06-29 08:00:00+00:00,weekend,saturday,atm_call,61000.0,C,long,0.0034,2024-06-30 08:00:00+00:00,1,61420.47,420.47000000000116,211.64040200000116
2024-06-29 08:00:00+00:00,weekend,saturday,atm_put,61000.0,P,long,0.0036,2024-06-30 08:00:00+00:00,1,61420.47,0.0,-221.113692
2024-07-01 08:00:00+00:00,weekday,monday,atm_call,63000.0,C,long,0.0065,2024-07-02 08:00:00+00:00,1,62533.56,0.0,-406.46813999999995
2024-07-01 08:00:00+00:00,weekday,monday,atm_put,63000.0,P,long,0.0065,2024-07-02 08:00:00+00:00,1,62533.56,466.4400000000023,59.97186000000238
2024-07-06 08:00:00+00:00,weekend,saturday,atm_call,56500.0,C,long,0.0065,2024-07-07 08:00:00+00:00,1,57368.78,868.7799999999988,495.88292999999885
2024-07-06 08:00:00+00:00,weekend,saturday,atm_put,56500.0,P,long,0.005,2024-07-07 08:00:00+00:00,1,57368.78,0.0,-286.8439
2024-07-09 08:00:00+00:00,weekday,tuesday,atm_call,57500.0,C,long,0.013,2024-07-10 08:00:00+00:00,1,58983.38,1483.3799999999974,716.5960599999975
2024-07-09 08:00:00+00:00,weekday,tuesday,atm_put,57000.0,P,long,0.006,2024-07-10 08:00:00+00:00,1,58983.38,0.0,-353.90028
2024-07-10 08:00:00+00:00,weekday,wednesday,atm_call,59000.0,C,long,0.008,2024-07-11 08:00:00+00:00,1,58183.93,0.0,-465.47144000000003
2024-07-10 08:00:00+00:00,weekday,wednesday,atm_call,59000.0,C,long,0.008,2024-07-11 08:00:00+00:00,1,58183.93,0.0,-465.47144000000003
2024-07-10 08:00:00+00:00,weekday,wednesday,atm_put,59000.0,P,long,0.012,2024-07-11 08:00:00+00:00,1,58183.93,816.0699999999997,117.86283999999966
2024-07-10 08:00:00+00:00,weekday,wednesday,atm_put,59000.0,P,long,0.012,2024-07-11 08:00:00+00:00,1,58183.93,816.0699999999997,117.86283999999966
2024-07-15 08:00:00+00:00,weekday,monday,atm_call,63000.0,C,long,0.008,2024-07-16 08:00:00+00:00,1,62941.27,0.0,-503.53015999999997
2024-07-15 08:00:00+00:00,weekday,monday,atm_put,63000.0,P,long,0.0115,2024-07-16 08:00:00+00:00,1,62941.27,58.7300000000032,-665.0946049999967
2024-07-22 08:00:00+00:00,weekday,monday,atm_call,67500.0,C,long,0.0105,2024-07-23 08:00:00+00:00,1,66580.8,0.0,-699.0984000000001
2024-07-22 08:00:00+00:00,weekday,monday,atm_put,67500.0,P,long,0.0115,2024-07-23 08:00:00+00:00,1,66580.8,919.1999999999971,153.52079999999705
2024-07-24 08:00:00+00:00,weekday,wednesday,atm_call,66000.0,C,long,0.0095,2024-07-25 08:00:00+00:00,1,64111.4,0.0,-609.0583
2024-07-24 08:00:00+00:00,weekday,wednesday,atm_put,66000.0,P,long,0.0075,2024-07-25 08:00:00+00:00,1,64111.4,1888.5999999999985,1407.7644999999986
2024-07-29 08:00:00+00:00,weekday,monday,atm_call,69500.0,C,long,0.012,2024-07-30 08:00:00+00:00,1,66933.95,0.0,-803.2074
2024-07-29 08:00:00+00:00,weekday,monday,atm_put,69500.0,P,long,0.0085,2024-07-30 08:00:00+00:00,1,66933.95,2566.050000000003,1997.1114250000028
2024-08-01 08:00:00+00:00,weekday,thursday,atm_call,64500.0,C,long,0.0095,2024-08-02 08:00:00+00:00,1,64109.86,0.0,-609.04367
2024-08-01 08:00:00+00:00,weekday,thursday,atm_put,64500.0,P,long,0.01,2024-08-02 08:00:00+00:00,1,64109.86,390.1399999999994,-250.95860000000062
2024-08-02 08:00:00+00:00,weekday,friday,atm_call,64000.0,C,long,0.0125,2024-08-03 08:00:00+00:00,1,61613.41,0.0,-770.167625
2024-08-02 08:00:00+00:00,weekday,friday,atm_put,64000.0,P,long,0.007,2024-08-03 08:00:00+00:00,1,61613.41,2386.5899999999965,1955.2961299999965
2024-08-03 08:00:00+00:00,weekend,saturday,atm_call,61500.0,C,long,0.0065,2024-08-04 08:00:00+00:00,1,60329.61,0.0,-392.14246499999996
2024-08-03 08:00:00+00:00,weekend,saturday,atm_put,61500.0,P,long,0.0075,2024-08-04 08:00:00+00:00,1,60329.61,1170.3899999999994,717.9179249999995
2024-08-13 08:00:00+00:00,weekday,tuesday,atm_call,59500.0,C,long,0.009,2024-08-14 08:00:00+00:00,1,60939.66,1439.6600000000035,891.2030600000035
2024-08-13 08:00:00+00:00,weekday,tuesday,atm_put,59500.0,P,long,0.0145,2024-08-14 08:00:00+00:00,1,60939.66,0.0,-883.62507
2024-08-14 08:00:00+00:00,weekday,wednesday,atm_call,61000.0,C,long,0.011,2024-08-15 08:00:00+00:00,1,58046.78,0.0,-638.5145799999999
2024-08-14 08:00:00+00:00,weekday,wednesday,atm_put,61000.0,P,long,0.013,2024-08-15 08:00:00+00:00,1,58046.78,2953.220000000001,2198.6118600000013
2024-08-15 08:00:00+00:00,weekday,thursday,atm_call,58000.0,C,long,0.011,2024-08-16 08:00:00+00:00,1,58469.25,469.25,-173.91174999999998
2024-08-15 08:00:00+00:00,weekday,thursday,atm_put,58000.0,P,long,0.011,2024-08-16 08:00:00+00:00,1,58469.25,0.0,-643.16175
2024-08-16 08:00:00+00:00,weekday,friday,atm_call,58500.0,C,long,0.0105,2024-08-17 08:00:00+00:00,1,59250.53,750.5299999999988,128.3994349999988
2024-08-16 08:00:00+00:00,weekday,friday,atm_put,58500.0,P,long,0.011,2024-08-17 08:00:00+00:00,1,59250.53,0.0,-651.75583
2024-08-19 08:00:00+00:00,weekday,monday,atm_call,58500.0,C,long,0.0095,2024-08-20 08:00:00+00:00,1,60956.16,2456.1600000000035,1877.0764800000034
2024-08-19 08:00:00+00:00,weekday,monday,atm_put,58500.0,P,long,0.0085,2024-08-20 08:00:00+00:00,1,60956.16,0.0,-518.1273600000001
2024-08-21 08:00:00+00:00,weekday,wednesday,atm_call,59500.0,C,long,0.009,2024-08-22 08:00:00+00:00,1,61012.01,1512.010000000002,962.9019100000021
2024-08-21 08:00:00+00:00,weekday,wednesday,atm_put,59500.0,P,long,0.009,2024-08-22 08:00:00+00:00,1,61012.01,0.0,-549.10809
2024-08-22 08:00:00+00:00,weekday,thursday,atm_call,61000.0,C,long,0.011,2024-08-23 08:00:00+00:00,1,61077.02,77.0199999999968,-594.8272200000031
2024-08-22 08:00:00+00:00,weekday,thursday,atm_put,61000.0,P,long,0.01,2024-08-23 08:00:00+00:00,1,61077.02,0.0,-610.7701999999999
2024-08-25 08:00:00+00:00,weekend,sunday,atm_call,64000.0,C,long,0.007,2024-08-26 08:00:00+00:00,1,63646.7,0.0,-445.5269
2024-08-25 08:00:00+00:00,weekend,sunday,atm_put,64000.0,P,long,0.0075,2024-08-26 08:00:00+00:00,1,63646.7,353.3000000000029,-124.05024999999705
2024-08-28 08:00:00+00:00,weekday,wednesday,atm_call,59000.0,C,long,0.014,2024-08-29 08:00:00+00:00,1,59595.66,595.6600000000035,-238.67923999999653
2024-08-28 08:00:00+00:00,weekday,wednesday,atm_put,58500.0,P,long,0.007,2024-08-29 08:00:00+00:00,1,59595.66,0.0,-417.16962
2024-08-29 08:00:00+00:00,weekday,thursday,atm_call,59500.0,C,long,0.009,2024-08-30 08:00:00+00:00,1,59264.94,0.0,-533.38446
2024-08-29 08:00:00+00:00,weekday,thursday,atm_put,59500.0,P,long,0.0095,2024-08-30 08:00:00+00:00,1,59264.94,235.05999999999767,-327.95693000000233
2024-08-31 08:00:00+00:00,weekend,saturday,atm_call,59000.0,C,long,0.0055,2024-09-01 08:00:00+00:00,1,58468.66,0.0,-321.57763
2024-08-31 08:00:00+00:00,weekend,saturday,atm_put,59000.0,P,long,0.0041,2024-09-01 08:00:00+00:00,1,58468.66,531.3399999999965,291.6184939999965
2024-09-01 08:00:00+00:00,weekend,sunday,atm_call,58500.0,C,long,0.0075,2024-09-02 08:00:00+00:00,1,57546.97,0.0,-431.602275
2024-09-01 08:00:00+00:00,weekend,sunday,atm_put,58500.0,P,long,0.0075,2024-09-02 08:00:00+00:00,1,57546.97,953.0299999999988,521.4277249999989
2024-09-02 08:00:00+00:00,weekday,monday,atm_call,57500.0,C,long,0.0125,2024-09-03 08:00:00+00:00,1,59097.99,1597.989999999998,859.265124999998
2024-09-02 08:00:00+00:00,weekday,monday,atm_put,57500.0,P,long,0.0075,2024-09-03 08:00:00+00:00,1,59097.99,0.0,-443.234925
2024-09-07 08:00:00+00:00,weekend,saturday,atm_call,54500.0,C,long,0.0045,2024-09-08 08:00:00+00:00,1,54429.32,0.0,-244.93193999999997
2024-09-07 08:00:00+00:00,weekend,saturday,atm_put,54500.0,P,long,0.0085,2024-09-08 08:00:00+00:00,1,54429.32,70.68000000000029,-391.9692199999997
2024-09-12 08:00:00+00:00,weekday,thursday,atm_call,58000.0,C,long,0.012,2024-09-13 08:00:00+00:00,1,58128.65,128.65000000000146,-568.8937999999986
2024-09-12 08:00:00+00:00,weekday,thursday,atm_put,58000.0,P,long,0.009,2024-09-13 08:00:00+00:00,1,58128.65,0.0,-523.1578499999999
2024-09-14 08:00:00+00:00,weekend,saturday,atm_call,60000.0,C,long,0.0065,2024-09-15 08:00:00+00:00,1,60204.14,204.13999999999942,-187.18691000000058
2024-09-14 08:00:00+00:00,weekend,saturday,atm_put,60000.0,P,long,0.0038,2024-09-15 08:00:00+00:00,1,60204.14,0.0,-228.775732
2024-09-19 08:00:00+00:00,weekday,thursday,atm_call,62000.0,C,long,0.0105,2024-09-20 08:00:00+00:00,1,63555.45,1555.449999999997,888.1177749999971
2024-09-19 08:00:00+00:00,weekday,thursday,atm_put,62000.0,P,long,0.01,2024-09-20 08:00:00+00:00,1,63555.45,0.0,-635.5545
2024-09-23 08:00:00+00:00,weekday,monday,atm_call,63500.0,C,long,0.0105,2024-09-24 08:00:00+00:00,1,63562.53,62.529999999998836,-604.8765650000012
2024-09-23 08:00:00+00:00,weekday,monday,atm_put,63500.0,P,long,0.01,2024-09-24 08:00:00+00:00,1,63562.53,0.0,-635.6253
2024-10-03 08:00:00+00:00,weekday,thursday,atm_call,61000.0,C,long,0.006,2024-10-04 08:00:00+00:00,1,61430.58,430.58000000000175,61.99652000000174
2024-10-03 08:00:00+00:00,weekday,thursday,atm_put,61000.0,P,long,0.017,2024-10-04 08:00:00+00:00,1,61430.58,0.0,-1044.31986
2024-10-08 08:00:00+00:00,weekday,tuesday,atm_call,62500.0,C,long,0.006,2024-10-09 08:00:00+00:00,1,62233.87,0.0,-373.40322000000003
2024-10-08 08:00:00+00:00,weekday,tuesday,atm_put,62500.0,P,long,0.0105,2024-10-09 08:00:00+00:00,1,62233.87,266.1299999999974,-387.32563500000265
2024-10-14 08:00:00+00:00,weekday,monday,atm_call,64500.0,C,long,0.0075,2024-10-15 08:00:00+00:00,1,65619.73,1119.729999999996,627.582024999996
2024-10-14 08:00:00+00:00,weekday,monday,atm_put,64500.0,P,long,0.0075,2024-10-15 08:00:00+00:00,1,65619.73,0.0,-492.147975
2024-10-16 08:00:00+00:00,weekday,wednesday,atm_call,67000.0,C,long,0.01,2024-10-17 08:00:00+00:00,1,67273.76,273.75999999999476,-398.97760000000517
2024-10-16 08:00:00+00:00,weekday,wednesday,atm_put,67000.0,P,long,0.007,2024-10-17 08:00:00+00:00,1,67273.76,0.0,-470.91632
2024-11-02 08:00:00+00:00,weekend,saturday,atm_call,69500.0,C,long,0.0038,2024-11-03 08:00:00+00:00,1,68444.09,0.0,-260.087542
2024-11-02 08:00:00+00:00,weekend,saturday,atm_put,69500.0,P,long,0.002,2024-11-03 08:00:00+00:00,1,68444.09,1055.9100000000035,919.0218200000035
2024-11-03 08:00:00+00:00,weekend,sunday,atm_call,68500.0,C,long,0.0065,2024-11-04 08:00:00+00:00,1,68631.01,131.00999999999476,-315.0915650000052
2024-11-03 08:00:00+00:00,weekend,sunday,atm_put,68500.0,P,long,0.01,2024-11-04 08:00:00+00:00,1,68631.01,0.0,-686.3100999999999
2024-11-04 08:00:00+00:00,weekday,monday,atm_call,68500.0,C,long,0.0105,2024-11-05 08:00:00+00:00,1,68988.44,488.4400000000023,-235.93861999999774
2024-11-04 08:00:00+00:00,weekday,monday,atm_put,68500.0,P,long,0.008,2024-11-05 08:00:00+00:00,1,68988.44,0.0,-551.90752
2024-11-11 08:00:00+00:00,weekday,monday,atm_call,81500.0,C,long,0.01,2024-11-12 08:00:00+00:00,1,89414.1,7914.100000000006,7019.959000000006
2024-11-11 08:00:00+00:00,weekday,monday,atm_put,81500.0,P,long,0.011,2024-11-12 08:00:00+00:00,1,89414.1,0.0,-983.5551
2024-11-14 08:00:00+00:00,weekday,thursday,atm_call,90500.0,C,long,0.0135,2024-11-15 08:00:00+00:00,1,88106.48,0.0,-1189.4374799999998
2024-11-14 08:00:00+00:00,weekday,thursday,atm_put,90500.0,P,long,0.011,2024-11-15 08:00:00+00:00,1,88106.48,2393.520000000004,1424.348720000004
2024-11-19 08:00:00+00:00,weekday,tuesday,atm_call,92000.0,C,long,0.012,2024-11-20 08:00:00+00:00,1,93299.83,1299.8300000000017,180.2320400000017
2024-11-19 08:00:00+00:00,weekday,tuesday,atm_put,92000.0,P,long,0.014,2024-11-20 08:00:00+00:00,1,93299.83,0.0,-1306.1976200000001
2024-12-01 08:00:00+00:00,weekend,sunday,atm_call,97000.0,C,long,0.0055,2024-12-02 08:00:00+00:00,1,95074.66,0.0,-522.91063
2024-12-01 08:00:00+00:00,weekend,sunday,atm_put,97000.0,P,long,0.0095,2024-12-02 08:00:00+00:00,1,95074.66,1925.3399999999965,1022.1307299999964
2024-12-03 08:00:00+00:00,weekday,tuesday,atm_call,95500.0,C,long,0.0085,2024-12-04 08:00:00+00:00,1,96741.9,1241.8999999999942,419.5938499999942
2024-12-03 08:00:00+00:00,weekday,tuesday,atm_put,95500.0,P,long,0.008,2024-12-04 08:00:00+00:00,1,96741.9,0.0,-773.9352
2024-12-06 08:00:00+00:00,weekday,friday,atm_call,98500.0,C,long,0.0105,2024-12-07 08:00:00+00:00,1,99536.36,1036.3600000000006,-8.77177999999958
2024-12-06 08:00:00+00:00,weekday,friday,atm_put,98000.0,P,long,0.0105,2024-12-07 08:00:00+00:00,1,99536.36,0.0,-1045.1317800000002
2024-12-09 08:00:00+00:00,weekday,monday,atm_call,99000.0,C,long,0.0105,2024-12-10 08:00:00+00:00,1,97419.25,0.0,-1022.9021250000001
2024-12-09 08:00:00+00:00,weekday,monday,atm_put,99000.0,P,long,0.0105,2024-12-10 08:00:00+00:00,1,97419.25,1580.75,557.8478749999999
2024-12-10 08:00:00+00:00,weekday,tuesday,atm_call,97500.0,C,long,0.0095,2024-12-11 08:00:00+00:00,1,98142.0,642.0,-290.34899999999993
2024-12-10 08:00:00+00:00,weekday,tuesday,atm_put,97500.0,P,long,0.0135,2024-12-11 08:00:00+00:00,1,98142.0,0.0,-1324.917
2024-12-11 08:00:00+00:00,weekday,wednesday,atm_call,98000.0,C,long,0.012,2024-12-12 08:00:00+00:00,1,101007.21,3007.2100000000064,1795.1234800000063
2024-12-11 08:00:00+00:00,weekday,wednesday,atm_put,98000.0,P,long,0.0125,2024-12-12 08:00:00+00:00,1,101007.21,0.0,-1262.5901250000002
2024-12-15 08:00:00+00:00,weekend,sunday,atm_call,102000.0,C,long,0.007,2024-12-16 08:00:00+00:00,1,104494.64,2494.6399999999994,1763.1775199999993
2024-12-15 08:00:00+00:00,weekend,sunday,atm_put,102000.0,P,long,0.01,2024-12-16 08:00:00+00:00,1,104494.64,0.0,-1044.9464
2024-12-17 08:00:00+00:00,weekday,tuesday,atm_call,107500.0,C,long,0.0095,2024-12-18 08:00:00+00:00,1,103770.06,0.0,-985.81557
2024-12-17 08:00:00+00:00,weekday,tuesday,atm_put,107500.0,P,long,0.0095,2024-12-18 08:00:00+00:00,1,103770.06,3729.9400000000023,2744.1244300000026
2024-12-19 08:00:00+00:00,weekday,thursday,atm_call,101500.0,C,long,0.0105,2024-12-20 08:00:00+00:00,1,95363.79,0.0,-1001.319795
2024-12-19 08:00:00+00:00,weekday,thursday,atm_put,101500.0,P,long,0.0095,2024-12-20 08:00:00+00:00,1,95363.79,6136.210000000006,5230.253995000006
2024-12-21 08:00:00+00:00,weekend,saturday,atm_call,98500.0,C,long,0.0065,2024-12-22 08:00:00+00:00,1,96457.43,0.0,-626.9732949999999
2024-12-21 08:00:00+00:00,weekend,saturday,atm_put,98500.0,P,long,0.0065,2024-12-22 08:00:00+00:00,1,96457.43,2042.570000000007,1415.5967050000072
2024-12-22 08:00:00+00:00,weekend,sunday,atm_call,96500.0,C,long,0.008,2024-12-23 08:00:00+00:00,1,95421.14,0.0,-763.3691200000001
2024-12-22 08:00:00+00:00,weekend,sunday,atm_put,96500.0,P,long,0.0085,2024-12-23 08:00:00+00:00,1,95421.14,1078.8600000000006,267.78031000000055
2024-12-23 08:00:00+00:00,weekday,monday,atm_call,95500.0,C,long,0.011,2024-12-24 08:00:00+00:00,1,94360.92,0.0,-1037.97012
2024-12-23 08:00:00+00:00,weekday,monday,atm_put,95500.0,P,long,0.012,2024-12-24 08:00:00+00:00,1,94360.92,1139.0800000000017,6.748960000001716
2024-12-24 08:00:00+00:00,weekday,tuesday,atm_call,94500.0,C,long,0.009,2024-12-25 08:00:00+00:00,1,98003.93,3503.929999999993,2621.8946299999934
2024-12-24 08:00:00+00:00,weekday,tuesday,atm_put,94500.0,P,long,0.01,2024-12-25 08:00:00+00:00,1,98003.93,0.0,-980.0392999999999
2024-12-25 08:00:00+00:00,weekday,wednesday,atm_call,98000.0,C,long,0.007,2024-12-26 08:00:00+00:00,1,95801.75,0.0,-670.61225
2024-12-25 08:00:00+00:00,weekday,wednesday,atm_put,98000.0,P,long,0.007,2024-12-26 08:00:00+00:00,1,95801.75,2198.25,1527.6377499999999
2024-12-31 08:00:00+00:00,weekday,tuesday,atm_call,94000.0,C,long,0.011,2025-01-01 08:00:00+00:00,1,93247.38,0.0,-1025.72118
2024-12-31 08:00:00+00:00,weekday,tuesday,atm_put,94000.0,P,long,0.01,2025-01-01 08:00:00+00:00,1,93247.38,752.6199999999953,-179.85380000000475
2025-01-11 08:00:00+00:00,weekend,saturday,atm_call,94500.0,C,long,0.0042,2025-01-12 08:00:00+00:00,1,94133.11,0.0,-395.359062
2025-01-11 08:00:00+00:00,weekend,saturday,atm_put,94000.0,P,long,0.0038,2025-01-12 08:00:00+00:00,1,94133.11,0.0,-357.705818
2025-01-24 08:00:00+00:00,weekday,friday,atm_call,105500.0,C,long,0.0105,2025-01-25 08:00:00+00:00,1,104327.96,0.0,-1095.44358
2025-01-24 08:00:00+00:00,weekday,friday,atm_put,105500.0,P,long,0.0105,2025-01-25 08:00:00+00:00,1,104327.96,1172.0399999999936,76.59641999999349
2025-01-28 08:00:00+00:00,weekday,tuesday,atm_call,103000.0,C,long,0.0105,2025-01-29 08:00:00+00:00,1,102694.78,0.0,-1078.29519
2025-01-28 08:00:00+00:00,weekday,tuesday,atm_put,102500.0,P,long,0.008,2025-01-29 08:00:00+00:00,1,102694.78,0.0,-821.55824
2025-02-01 08:00:00+00:00,weekend,saturday,atm_call,102500.0,C,long,0.0024,2025-02-02 08:00:00+00:00,1,99805.24,0.0,-239.53257599999998
2025-02-01 08:00:00+00:00,weekend,saturday,atm_put,102000.0,P,long,0.0055,2025-02-02 08:00:00+00:00,1,99805.24,2194.7599999999948,1645.8311799999947
2025-02-04 08:00:00+00:00,weekday,tuesday,atm_call,98500.0,C,long,0.013,2025-02-05 08:00:00+00:00,1,97679.67,0.0,-1269.8357099999998
2025-02-04 08:00:00+00:00,weekday,tuesday,atm_put,98500.0,P,long,0.0105,2025-02-05 08:00:00+00:00,1,97679.67,820.3300000000017,-205.30653499999835
2025-02-08 08:00:00+00:00,weekend,saturday,atm_call,96000.0,C,long,0.0055,2025-02-09 08:00:00+00:00,1,97096.89,1096.8899999999994,562.8571049999995
2025-02-08 08:00:00+00:00,weekend,saturday,atm_put,96000.0,P,long,0.0037,2025-02-09 08:00:00+00:00,1,97096.89,0.0,-359.258493
2025-02-09 08:00:00+00:00,weekend,sunday,atm_call,97000.0,C,long,0.008,2025-02-10 08:00:00+00:00,1,97705.02,705.0200000000041,-76.62015999999596
2025-02-09 08:00:00+00:00,weekend,sunday,atm_put,97000.0,P,long,0.006,2025-02-10 08:00:00+00:00,1,97705.02,0.0,-586.23012
2025-02-10 08:00:00+00:00,weekday,monday,atm_call,97500.0,C,long,0.011,2025-02-11 08:00:00+00:00,1,98251.63,751.6300000000047,-329.1379299999953
2025-02-10 08:00:00+00:00,weekday,monday,atm_put,97500.0,P,long,0.009,2025-02-11 08:00:00+00:00,1,98251.63,0.0,-884.26467
2025-02-27 08:00:00+00:00,weekday,thursday,atm_call,86000.0,C,long,0.013,2025-02-28 08:00:00+00:00,1,78894.99,0.0,-1025.63487
2025-02-27 08:00:00+00:00,weekday,thursday,atm_put,86000.0,P,long,0.013,2025-02-28 08:00:00+00:00,1,78894.99,7105.009999999995,6079.375129999995
2025-03-01 08:00:00+00:00,weekend,saturday,atm_call,85500.0,C,long,0.0039,2025-03-02 08:00:00+00:00,1,85708.59,208.5899999999965,-125.67350100000345
2025-03-01 08:00:00+00:00,weekend,saturday,atm_put,85000.0,P,long,0.0055,2025-03-02 08:00:00+00:00,1,85708.59,0.0,-471.39724499999994
2025-03-02 08:00:00+00:00,weekend,sunday,atm_call,85500.0,C,long,0.0115,2025-03-03 08:00:00+00:00,1,91448.22,5948.220000000001,4896.565470000001
2025-03-02 08:00:00+00:00,weekend,sunday,atm_put,85500.0,P,long,0.0055,2025-03-03 08:00:00+00:00,1,91448.22,0.0,-502.96520999999996
2025-03-03 08:00:00+00:00,weekday,monday,atm_call,91000.0,C,long,0.0155,2025-03-04 08:00:00+00:00,1,83847.51,0.0,-1299.636405
2025-03-03 08:00:00+00:00,weekday,monday,atm_put,91500.0,P,long,0.0105,2025-03-04 08:00:00+00:00,1,83847.51,7652.490000000005,6772.091145000005
2025-03-06 08:00:00+00:00,weekday,thursday,atm_call,91000.0,C,long,0.0145,2025-03-07 08:00:00+00:00,1,88372.88,0.0,-1281.40676
2025-03-06 08:00:00+00:00,weekday,thursday,atm_put,91000.0,P,long,0.0104,2025-03-07 08:00:00+00:00,1,88372.88,2627.1199999999953,1708.0420479999952
2025-03-13 08:00:00+00:00,weekday,thursday,atm_call,83000.0,C,long,0.0127,2025-03-14 08:00:00+00:00,1,82576.57,0.0,-1048.7224390000001
2025-03-13 08:00:00+00:00,weekday,thursday,atm_put,83000.0,P,long,0.011,2025-03-14 08:00:00+00:00,1,82576.57,423.429999999993,-484.91227000000697
2025-03-16 08:00:00+00:00,weekend,sunday,atm_call,84500.0,C,long,0.0065,2025-03-17 08:00:00+00:00,1,83526.48,0.0,-542.92212
2025-03-16 08:00:00+00:00,weekend,sunday,atm_put,84500.0,P,long,0.01,2025-03-17 08:00:00+00:00,1,83526.48,973.5200000000041,138.25520000000415
2025-03-17 08:00:00+00:00,weekday,monday,atm_call,83500.0,C,long,0.011,2025-03-18 08:00:00+00:00,1,83280.52,0.0,-916.08572
2025-03-17 08:00:00+00:00,weekday,monday,atm_put,83500.0,P,long,0.0105,2025-03-18 08:00:00+00:00,1,83280.52,219.47999999999593,-654.9654600000042
2025-03-20 08:00:00+00:00,weekday,thursday,atm_call,86000.0,C,long,0.01,2025-03-21 08:00:00+00:00,1,83982.01,0.0,-839.8200999999999
2025-03-20 08:00:00+00:00,weekday,thursday,atm_put,86000.0,P,long,0.011,2025-03-21 08:00:00+00:00,1,83982.01,2017.9900000000052,1094.1878900000054
2025-03-27 08:00:00+00:00,weekday,thursday,atm_call,87000.0,C,long,0.01,2025-03-28 08:00:00+00:00,1,85177.78,0.0,-851.7778
2025-03-27 08:00:00+00:00,weekday,thursday,atm_put,87000.0,P,long,0.005,2025-03-28 08:00:00+00:00,1,85177.78,1822.2200000000012,1396.3311000000012
2025-04-03 08:00:00+00:00,weekday,thursday,atm_call,83500.0,C,long,0.0125,2025-04-04 08:00:00+00:00,1,83989.28,489.27999999999884,-560.5860000000011
2025-04-03 08:00:00+00:00,weekday,thursday,atm_put,83500.0,P,long,0.011,2025-04-04 08:00:00+00:00,1,83989.28,0.0,-923.88208
2025-04-10 08:00:00+00:00,weekday,thursday,atm_call,81500.0,C,long,0.012,2025-04-11 08:00:00+00:00,1,81224.99,0.0,-974.6998800000001
2025-04-10 08:00:00+00:00,weekday,thursday,atm_put,81500.0,P,long,0.01,2025-04-11 08:00:00+00:00,1,81224.99,275.00999999999476,-537.2399000000053
2025-04-11 08:00:00+00:00,weekday,friday,atm_call,81000.0,C,long,0.0205,2025-04-12 08:00:00+00:00,1,83699.25,2699.25,983.415375
2025-04-11 08:00:00+00:00,weekday,friday,atm_put,81000.0,P,long,0.0075,2025-04-12 08:00:00+00:00,1,83699.25,0.0,-627.744375
2025-04-17 08:00:00+00:00,weekday,thursday,atm_call,84500.0,C,long,0.0095,2025-04-18 08:00:00+00:00,1,84657.73,157.72999999999593,-646.518435000004
2025-04-17 08:00:00+00:00,weekday,thursday,atm_put,84500.0,P,long,0.007,2025-04-18 08:00:00+00:00,1,84657.73,0.0,-592.60411
2025-04-20 08:00:00+00:00,weekend,sunday,atm_call,85000.0,C,long,0.0045,2025-04-21 08:00:00+00:00,1,87432.69,2432.6900000000023,2039.2428950000024
2025-04-20 08:00:00+00:00,weekend,sunday,atm_put,85000.0,P,long,0.007,2025-04-21 08:00:00+00:00,1,87432.69,0.0,-612.0288300000001
2025-04-23 08:00:00+00:00,weekday,wednesday,atm_call,94000.0,C,long,0.0115,2025-04-24 08:00:00+00:00,1,92220.97,0.0,-1060.541155
2025-04-23 08:00:00+00:00,weekday,wednesday,atm_put,94000.0,P,long,0.0095,2025-04-24 08:00:00+00:00,1,92220.97,1779.0299999999988,902.9307849999989
2025-04-27 08:00:00+00:00,weekend,sunday,atm_call,94000.0,C,long,0.006,2025-04-28 08:00:00+00:00,1,94726.69,726.6900000000023,158.32986000000233
2025-04-27 08:00:00+00:00,weekend,sunday,atm_put,94000.0,P,long,0.0055,2025-04-28 08:00:00+00:00,1,94726.69,0.0,-520.996795
2025-05-04 08:00:00+00:00,weekend,sunday,atm_call,96000.0,C,long,0.0045,2025-05-05 08:00:00+00:00,1,94764.89,0.0,-426.44200499999994
2025-05-04 08:00:00+00:00,weekend,sunday,atm_put,96000.0,P,long,0.0075,2025-05-05 08:00:00+00:00,1,94764.89,1235.1100000000006,524.3733250000006
2025-05-07 08:00:00+00:00,weekday,wednesday,atm_call,97000.0,C,long,0.008,2025-05-08 08:00:00+00:00,1,99274.11,2274.1100000000006,1479.9171200000005
2025-05-07 08:00:00+00:00,weekday,wednesday,atm_put,97000.0,P,long,0.008,2025-05-08 08:00:00+00:00,1,99274.11,0.0,-794.1928800000001
2025-05-11 08:00:00+00:00,weekend,sunday,atm_call,103500.0,C,long,0.0095,2025-05-12 08:00:00+00:00,1,104479.68,979.679999999993,-12.876960000006875
2025-05-11 08:00:00+00:00,weekend,sunday,atm_put,103500.0,P,long,0.0065,2025-05-12 08:00:00+00:00,1,104479.68,0.0,-679.1179199999999
2025-05-13 08:00:00+00:00,weekday,tuesday,atm_call,102500.0,C,long,0.009,2025-05-14 08:00:00+00:00,1,103714.43,1214.429999999993,281.0001299999932
2025-05-13 08:00:00+00:00,weekday,tuesday,atm_put,102500.0,P,long,0.0065,2025-05-14 08:00:00+00:00,1,103714.43,0.0,-674.143795
2025-05-16 08:00:00+00:00,weekday,friday,atm_call,104000.0,C,long,0.0038,2025-05-17 08:00:00+00:00,1,103476.63,0.0,-393.21119400000003
2025-05-16 08:00:00+00:00,weekday,friday,atm_put,103500.0,P,long,0.004,2025-05-17 08:00:00+00:00,1,103476.63,23.369999999995343,-390.53652000000466
2025-05-18 08:00:00+00:00,weekend,sunday,atm_call,104000.0,C,long,0.005,2025-05-19 08:00:00+00:00,1,103256.57,0.0,-516.28285
2025-05-18 08:00:00+00:00,weekend,sunday,atm_call,104000.0,C,long,0.005,2025-05-19 08:00:00+00:00,1,103256.57,0.0,-516.28285
2025-05-18 08:00:00+00:00,weekend,sunday,atm_put,104000.0,P,long,0.005,2025-05-19 08:00:00+00:00,1,103256.57,743.429999999993,227.14714999999296
2025-05-18 08:00:00+00:00,weekend,sunday,atm_put,104000.0,P,long,0.005,2025-05-19 08:00:00+00:00,1,103256.57,743.429999999993,227.14714999999296
2025-05-19 08:00:00+00:00,weekday,monday,atm_call,103500.0,C,long,0.007,2025-05-20 08:00:00+00:00,1,105069.33,1569.3300000000017,833.8446900000017
2025-05-19 08:00:00+00:00,weekday,monday,atm_put,103500.0,P,long,0.01,2025-05-20 08:00:00+00:00,1,105069.33,0.0,-1050.6933000000001
2025-05-21 08:00:00+00:00,weekday,wednesday,atm_call,106500.0,C,long,0.0085,2025-05-22 08:00:00+00:00,1,111061.79,4561.789999999994,3617.7647849999935
2025-05-21 08:00:00+00:00,weekday,wednesday,atm_put,106000.0,P,long,0.0065,2025-05-22 08:00:00+00:00,1,111061.79,0.0,-721.9016349999999
2025-05-22 08:00:00+00:00,weekday,thursday,atm_call,111000.0,C,long,0.008,2025-05-23 08:00:00+00:00,1,110718.99,0.0,-885.75192
2025-05-22 08:00:00+00:00,weekday,thursday,atm_put,111000.0,P,long,0.0125,2025-05-23 08:00:00+00:00,1,110718.99,281.00999999999476,-1102.9773750000054
2025-05-25 08:00:00+00:00,weekend,sunday,atm_call,107500.0,C,long,0.006,2025-05-26 08:00:00+00:00,1,110156.05,2656.050000000003,1995.1137000000028
2025-05-25 08:00:00+00:00,weekend,sunday,atm_put,107500.0,P,long,0.007,2025-05-26 08:00:00+00:00,1,110156.05,0.0,-771.09235
2025-06-06 08:00:00+00:00,weekday,friday,atm_call,103000.0,C,long,0.011,2025-06-07 08:00:00+00:00,1,104955.07,1955.070000000007,800.564230000007
2025-06-06 08:00:00+00:00,weekday,friday,atm_put,103000.0,P,long,0.0046,2025-06-07 08:00:00+00:00,1,104955.07,0.0,-482.79332200000005
2025-06-13 08:00:00+00:00,weekday,friday,atm_call,105000.0,C,long,0.007,2025-06-14 08:00:00+00:00,1,105126.03,126.02999999999884,-609.8522100000012
2025-06-13 08:00:00+00:00,weekday,friday,atm_put,105000.0,P,long,0.01,2025-06-14 08:00:00+00:00,1,105126.03,0.0,-1051.2603
2025-06-15 08:00:00+00:00,weekend,sunday,atm_call,105500.0,C,long,0.005,2025-06-16 08:00:00+00:00,1,107080.07,1580.070000000007,1044.669650000007
2025-06-15 08:00:00+00:00,weekend,sunday,atm_put,105000.0,P,long,0.005,2025-06-16 08:00:00+00:00,1,107080.07,0.0,-535.40035
2025-06-21 08:00:00+00:00,weekend,saturday,atm_call,104000.0,C,long,0.002,2025-06-22 08:00:00+00:00,1,102468.55,0.0,-204.93710000000002
2025-06-21 08:00:00+00:00,weekend,saturday,atm_put,103500.0,P,long,0.0032,2025-06-22 08:00:00+00:00,1,102468.55,1031.449999999997,703.5506399999971
2025-06-22 08:00:00+00:00,weekend,sunday,atm_call,102500.0,C,long,0.009,2025-06-23 08:00:00+00:00,1,101976.06,0.0,-917.7845399999999
2025-06-22 08:00:00+00:00,weekend,sunday,atm_put,102500.0,P,long,0.007,2025-06-23 08:00:00+00:00,1,101976.06,523.9400000000023,-189.89241999999763
2025-06-23 08:00:00+00:00,weekday,monday,atm_call,102000.0,C,long,0.007,2025-06-24 08:00:00+00:00,1,104997.25,2997.25,2262.26925
2025-06-23 08:00:00+00:00,weekday,monday,atm_put,102000.0,P,long,0.0075,2025-06-24 08:00:00+00:00,1,104997.25,0.0,-787.479375
2025-06-24 08:00:00+00:00,weekday,tuesday,atm_call,105000.0,C,long,0.0085,2025-06-25 08:00:00+00:00,1,106657.35,1657.3500000000058,750.7625250000057
2025-06-24 08:00:00+00:00,weekday,tuesday,atm_put,105000.0,P,long,0.008,2025-06-25 08:00:00+00:00,1,106657.35,0.0,-853.2588000000001
2025-07-10 08:00:00+00:00,weekday,thursday,atm_call,111500.0,C,long,0.0065,2025-07-11 08:00:00+00:00,1,117601.25,6101.25,5336.841875
2025-07-10 08:00:00+00:00,weekday,thursday,atm_put,111500.0,P,long,0.0065,2025-07-11 08:00:00+00:00,1,117601.25,0.0,-764.4081249999999
2025-07-11 08:00:00+00:00,weekday,friday,atm_call,117500.0,C,long,0.0149,2025-07-12 08:00:00+00:00,1,117797.06,297.0599999999977,-1458.1161940000022
2025-07-11 08:00:00+00:00,weekday,friday,atm_put,117500.0,P,long,0.0036,2025-07-12 08:00:00+00:00,1,117797.06,0.0,-424.069416
2025-07-16 08:00:00+00:00,weekday,wednesday,atm_call,118000.0,C,long,0.012,2025-07-17 08:00:00+00:00,1,118373.81,373.8099999999977,-1046.6757200000022
2025-07-16 08:00:00+00:00,weekday,wednesday,atm_put,118000.0,P,long,0.0031,2025-07-17 08:00:00+00:00,1,118373.81,0.0,-366.95881099999997
2025-07-23 08:00:00+00:00,weekday,wednesday,atm_call,118500.0,C,long,0.0044,2025-07-24 08:00:00+00:00,1,118470.55,0.0,-521.2704200000001
2025-07-23 08:00:00+00:00,weekday,wednesday,atm_put,118500.0,P,long,0.008,2025-07-24 08:00:00+00:00,1,118470.55,29.44999999999709,-918.3144000000029
2025-07-26 08:00:00+00:00,weekend,saturday,atm_call,117500.0,C,long,0.0027,2025-07-27 08:00:00+00:00,1,118165.53,665.5299999999988,346.4830689999988
2025-07-26 08:00:00+00:00,weekend,saturday,atm_put,117500.0,P,long,0.0032,2025-07-27 08:00:00+00:00,1,118165.53,0.0,-378.129696
2025-07-31 08:00:00+00:00,weekday,thursday,atm_call,119000.0,C,long,0.0049,2025-08-01 08:00:00+00:00,1,115034.22,0.0,-563.667678
2025-07-31 08:00:00+00:00,weekday,thursday,atm_put,118500.0,P,long,0.006,2025-08-01 08:00:00+00:00,1,115034.22,3465.779999999999,2775.574679999999
2025-08-02 08:00:00+00:00,weekend,saturday,atm_call,114000.0,C,long,0.0031,2025-08-03 08:00:00+00:00,1,113701.61,0.0,-352.474991
2025-08-02 08:00:00+00:00,weekend,saturday,atm_put,114000.0,P,long,0.0039,2025-08-03 08:00:00+00:00,1,113701.61,298.3899999999994,-145.04627900000054
2025-08-06 08:00:00+00:00,weekday,wednesday,atm_call,114000.0,C,long,0.0055,2025-08-07 08:00:00+00:00,1,114813.0,813.0,181.5285
2025-08-06 08:00:00+00:00,weekday,wednesday,atm_put,114000.0,P,long,0.005,2025-08-07 08:00:00+00:00,1,114813.0,0.0,-574.065
2025-08-10 08:00:00+00:00,weekend,sunday,atm_call,118000.0,C,long,0.0041,2025-08-11 08:00:00+00:00,1,121522.07,3522.070000000007,3023.829513000007
2025-08-10 08:00:00+00:00,weekend,sunday,atm_put,118000.0,P,long,0.0055,2025-08-11 08:00:00+00:00,1,121522.07,0.0,-668.371385
2025-08-11 08:00:00+00:00,weekday,monday,atm_call,122000.0,C,long,0.006,2025-08-12 08:00:00+00:00,1,118993.98,0.0,-713.96388
2025-08-11 08:00:00+00:00,weekday,monday,atm_put,122000.0,P,long,0.0085,2025-08-12 08:00:00+00:00,1,118993.98,3006.020000000004,1994.571170000004
2025-08-14 08:00:00+00:00,weekday,thursday,atm_call,122000.0,C,long,0.0075,2025-08-15 08:00:00+00:00,1,119053.14,0.0,-892.89855
2025-08-14 08:00:00+00:00,weekday,thursday,atm_put,122000.0,P,long,0.0075,2025-08-15 08:00:00+00:00,1,119053.14,2946.8600000000006,2053.9614500000007
2025-08-15 08:00:00+00:00,weekday,friday,atm_call,119000.0,C,long,0.0055,2025-08-16 08:00:00+00:00,1,117694.76,0.0,-647.3211799999999
2025-08-15 08:00:00+00:00,weekday,friday,atm_put,118000.0,P,long,0.0027,2025-08-16 08:00:00+00:00,1,117694.76,305.24000000000524,-12.535851999994748
2025-08-21 08:00:00+00:00,weekday,thursday,atm_call,114000.0,C,long,0.006,2025-08-22 08:00:00+00:00,1,113042.75,0.0,-678.2565
2025-08-21 08:00:00+00:00,weekday,thursday,atm_put,114000.0,P,long,0.0055,2025-08-22 08:00:00+00:00,1,113042.75,957.25,335.5148750000001
2025-08-23 08:00:00+00:00,weekend,saturday,atm_call,116000.0,C,long,0.0027,2025-08-24 08:00:00+00:00,1,114837.1,0.0,-310.06017
2025-08-23 08:00:00+00:00,weekend,saturday,atm_put,116000.0,P,long,0.0041,2025-08-24 08:00:00+00:00,1,114837.1,1162.8999999999942,692.0678899999941
2025-08-25 08:00:00+00:00,weekday,monday,atm_call,111000.0,C,long,0.0115,2025-08-26 08:00:00+00:00,1,110302.51,0.0,-1268.4788649999998
2025-08-25 08:00:00+00:00,weekday,monday,atm_put,111000.0,P,long,0.006,2025-08-26 08:00:00+00:00,1,110302.51,697.4900000000052,35.67494000000522
2025-08-26 08:00:00+00:00,weekday,tuesday,atm_call,110000.0,C,long,0.0073,2025-08-27 08:00:00+00:00,1,110737.17,737.1699999999983,-71.21134100000177
2025-08-26 08:00:00+00:00,weekday,tuesday,atm_put,110000.0,P,long,0.0075,2025-08-27 08:00:00+00:00,1,110737.17,0.0,-830.528775
2025-09-03 08:00:00+00:00,weekday,wednesday,atm_call,111000.0,C,long,0.008,2025-09-04 08:00:00+00:00,1,110486.94,0.0,-883.89552
2025-09-03 08:00:00+00:00,weekday,wednesday,atm_put,111000.0,P,long,0.0052,2025-09-04 08:00:00+00:00,1,110486.94,513.0599999999977,-61.47208800000226
2025-09-06 08:00:00+00:00,weekend,saturday,atm_call,111000.0,C,long,0.0024,2025-09-07 08:00:00+00:00,1,110766.84,0.0,-265.84041599999995
2025-09-06 08:00:00+00:00,weekend,saturday,atm_put,111000.0,P,long,0.0037,2025-09-07 08:00:00+00:00,1,110766.84,233.1600000000035,-176.67730799999651
2025-09-26 08:00:00+00:00,weekday,friday,atm_call,109000.0,C,long,0.009,2025-09-27 08:00:00+00:00,1,109450.33,450.33000000000175,-534.7229699999982
2025-09-26 08:00:00+00:00,weekday,friday,atm_put,109000.0,P,long,0.0026,2025-09-27 08:00:00+00:00,1,109450.33,0.0,-284.570858
2025-10-02 08:00:00+00:00,weekday,thursday,atm_call,119000.0,C,long,0.0042,2025-10-03 08:00:00+00:00,1,119727.67,727.6699999999983,224.8137859999983
2025-10-02 08:00:00+00:00,weekday,thursday,atm_call,119000.0,C,long,0.0042,2025-10-03 08:00:00+00:00,1,119727.67,727.6699999999983,224.8137859999983
2025-10-02 08:00:00+00:00,weekday,thursday,atm_put,119000.0,P,long,0.0065,2025-10-03 08:00:00+00:00,1,119727.67,0.0,-778.2298549999999
2025-10-02 08:00:00+00:00,weekday,thursday,atm_put,119000.0,P,long,0.0065,2025-10-03 08:00:00+00:00,1,119727.67,0.0,-778.2298549999999
2025-10-10 08:00:00+00:00,weekday,friday,atm_call,121000.0,C,long,0.01,2025-10-11 08:00:00+00:00,1,110518.61,0.0,-1105.1861000000001
2025-10-10 08:00:00+00:00,weekday,friday,atm_put,121000.0,P,long,0.0036,2025-10-11 08:00:00+00:00,1,110518.61,10481.39,10083.523003999999
2025-10-22 08:00:00+00:00,weekday,wednesday,atm_call,108000.0,C,long,0.0094,2025-10-23 08:00:00+00:00,1,109289.99,1289.9900000000052,262.6640940000052
2025-10-22 08:00:00+00:00,weekday,wednesday,atm_put,108000.0,P,long,0.009,2025-10-23 08:00:00+00:00,1,109289.99,0.0,-983.60991
2025-10-30 08:00:00+00:00,weekday,thursday,atm_call,111000.0,C,long,0.008,2025-10-31 08:00:00+00:00,1,110030.12,0.0,-880.24096
2025-10-30 08:00:00+00:00,weekday,thursday,atm_put,111000.0,P,long,0.0105,2025-10-31 08:00:00+00:00,1,110030.12,969.8800000000047,-185.4362599999954
2025-10-31 08:00:00+00:00,weekday,friday,atm_call,110000.0,C,long,0.009,2025-11-01 08:00:00+00:00,1,110186.26,186.25999999999476,-805.4163400000051
2025-10-31 08:00:00+00:00,weekday,friday,atm_put,110000.0,P,long,0.0085,2025-11-01 08:00:00+00:00,1,110186.26,0.0,-936.58321
2025-11-04 08:00:00+00:00,weekday,tuesday,atm_call,104000.0,C,long,0.009,2025-11-05 08:00:00+00:00,1,101686.79,0.0,-915.1811099999999
2025-11-04 08:00:00+00:00,weekday,tuesday,atm_put,104000.0,P,long,0.01,2025-11-05 08:00:00+00:00,1,101686.79,2313.2100000000064,1296.3421000000064
2025-11-10 08:00:00+00:00,weekday,monday,atm_call,106000.0,C,long,0.0085,2025-11-11 08:00:00+00:00,1,105129.44,0.0,-893.6002400000001
2025-11-10 08:00:00+00:00,weekday,monday,atm_put,106000.0,P,long,0.009,2025-11-11 08:00:00+00:00,1,105129.44,870.5599999999977,-75.60496000000228
2025-11-11 08:00:00+00:00,weekday,tuesday,atm_call,105000.0,C,long,0.007,2025-11-12 08:00:00+00:00,1,104132.02,0.0,-728.9241400000001
2025-11-11 08:00:00+00:00,weekday,tuesday,atm_put,105000.0,P,long,0.0085,2025-11-12 08:00:00+00:00,1,104132.02,867.9799999999959,-17.14217000000417
2025-11-13 08:00:00+00:00,weekday,thursday,atm_call,104000.0,C,long,0.006,2025-11-14 08:00:00+00:00,1,97313.86,0.0,-583.88316
2025-11-13 08:00:00+00:00,weekday,thursday,atm_put,104000.0,P,long,0.0095,2025-11-14 08:00:00+00:00,1,97313.86,6686.139999999999,5761.658329999999
2025-11-14 08:00:00+00:00,weekday,friday,atm_call,97000.0,C,long,0.0115,2025-11-15 08:00:00+00:00,1,95831.25,0.0,-1102.059375
2025-11-14 08:00:00+00:00,weekday,friday,atm_put,97000.0,P,long,0.01,2025-11-15 08:00:00+00:00,1,95831.25,1168.75,210.4375
2025-11-20 08:00:00+00:00,weekday,thursday,atm_call,92000.0,C,long,0.0115,2025-11-21 08:00:00+00:00,1,83532.0,0.0,-960.6179999999999
2025-11-20 08:00:00+00:00,weekday,thursday,atm_put,92000.0,P,long,0.0095,2025-11-21 08:00:00+00:00,1,83532.0,8468.0,7674.446
2025-11-25 08:00:00+00:00,weekday,tuesday,atm_call,87000.0,C,long,0.013,2025-11-26 08:00:00+00:00,1,87380.9,380.8999999999942,-755.0517000000057
2025-11-25 08:00:00+00:00,weekday,tuesday,atm_put,87000.0,P,long,0.0075,2025-11-26 08:00:00+00:00,1,87380.9,0.0,-655.3567499999999
2025-11-27 08:00:00+00:00,weekday,thursday,atm_call,91000.0,C,long,0.012,2025-11-28 08:00:00+00:00,1,91680.2,680.1999999999971,-419.96240000000284
2025-11-27 08:00:00+00:00,weekday,thursday,atm_put,91000.0,P,long,0.005,2025-11-28 08:00:00+00:00,1,91680.2,0.0,-458.401
2025-12-01 08:00:00+00:00,weekday,monday,atm_call,87000.0,C,long,0.009,2025-12-02 08:00:00+00:00,1,86470.32,0.0,-778.23288
2025-12-01 08:00:00+00:00,weekday,monday,atm_put,87000.0,P,long,0.0125,2025-12-02 08:00:00+00:00,1,86470.32,529.679999999993,-551.1990000000071
2025-12-03 08:00:00+00:00,weekday,wednesday,atm_call,93000.0,C,long,0.0095,2025-12-04 08:00:00+00:00,1,93278.36,278.3600000000006,-607.7844199999994
2025-12-03 08:00:00+00:00,weekday,wednesday,atm_put,93000.0,P,long,0.01,2025-12-04 08:00:00+00:00,1,93278.36,0.0,-932.7836
2025-12-08 08:00:00+00:00,weekday,monday,atm_call,92000.0,C,long,0.009,2025-12-09 08:00:00+00:00,1,90499.95,0.0,-814.4995499999999
2025-12-08 08:00:00+00:00,weekday,monday,atm_put,92000.0,P,long,0.009,2025-12-09 08:00:00+00:00,1,90499.95,1500.050000000003,685.550450000003
2025-12-12 08:00:00+00:00,weekday,friday,atm_call,92000.0,C,long,0.01,2025-12-13 08:00:00+00:00,1,90479.06,0.0,-904.7906
2025-12-12 08:00:00+00:00,weekday,friday,atm_put,92000.0,P,long,0.0065,2025-12-13 08:00:00+00:00,1,90479.06,1520.9400000000023,932.8261100000024
2025-12-13 08:00:00+00:00,weekend,saturday,atm_call,90000.0,C,long,0.0055,2025-12-14 08:00:00+00:00,1,90130.89,130.88999999999942,-364.82989500000053
2025-12-13 08:00:00+00:00,weekend,saturday,atm_put,90000.0,P,long,0.0019,2025-12-14 08:00:00+00:00,1,90130.89,0.0,-171.248691
2025-12-16 08:00:00+00:00,weekday,tuesday,atm_call,86000.0,C,long,0.01,2025-12-17 08:00:00+00:00,1,86361.79,361.7899999999936,-501.82790000000637
2025-12-16 08:00:00+00:00,weekday,tuesday,atm_put,86000.0,P,long,0.01,2025-12-17 08:00:00+00:00,1,86361.79,0.0,-863.6179
2025-12-19 08:00:00+00:00,weekday,friday,atm_call,88000.0,C,long,0.009,2025-12-20 08:00:00+00:00,1,88213.64,213.63999999999942,-580.2827600000005
2025-12-19 08:00:00+00:00,weekday,friday,atm_put,88000.0,P,long,0.0105,2025-12-20 08:00:00+00:00,1,88213.64,0.0,-926.2432200000001
2025-12-26 08:00:00+00:00,weekday,friday,atm_call,89000.0,C,long,0.006,2025-12-27 08:00:00+00:00,1,87530.31,0.0,-525.18186
2025-12-26 08:00:00+00:00,weekday,friday,atm_put,89000.0,P,long,0.009,2025-12-27 08:00:00+00:00,1,87530.31,1469.6900000000023,681.9172100000025
2025-12-27 08:00:00+00:00,weekend,saturday,atm_call,88000.0,C,long,0.0007,2025-12-28 08:00:00+00:00,1,87736.16,0.0,-61.415312
2025-12-27 08:00:00+00:00,weekend,saturday,atm_put,88000.0,P,long,0.0065,2025-12-28 08:00:00+00:00,1,87736.16,263.8399999999965,-306.4450400000035
