session_start,session_type,session_dow,leg,strike,option_type,position,entry_price,expiry,contracts,price_time,spot_at_expiry,exit_price,pnl_btc,pnl_usd
2023-02-01 08:00:00+00:00,weekday,wednesday,atm_call,23000.0,C,short,0.0165,2023-02-02 08:00:00+00:00,1,2023-02-02 08:00:00+00:00,23805.72,0.033845647180593616,-0.017345647180593615,-412.92562000000106
2023-02-01 08:00:00+00:00,weekday,wednesday,atm_put,23000.0,P,short,0.012,2023-02-02 08:00:00+00:00,1,2023-02-02 08:00:00+00:00,23805.72,0.0,0.012,285.66864000000004
2023-02-01 08:00:00+00:00,weekday,wednesday,otm_call,25000.0,C,long,0.001,2023-02-02 08:00:00+00:00,1,2023-02-02 08:00:00+00:00,23805.72,0.0,-0.001,-23.80572
2023-02-01 08:00:00+00:00,weekday,wednesday,otm_put,21000.0,P,long,0.0005,2023-02-02 08:00:00+00:00,1,2023-02-02 08:00:00+00:00,23805.72,0.0,-0.0005,-11.90286
2023-02-14 08:00:00+00:00,weekday,tuesday,atm_call,21750.0,C,short,0.013,2023-02-15 08:00:00+00:00,1,2023-02-15 08:00:00+00:00,22103.49,0.01599249711244702,-0.002992497112447019,-66.14463000000157
2023-02-14 08:00:00+00:00,weekday,tuesday,atm_put,21750.0,P,short,0.0125,2023-02-15 08:00:00+00:00,1,2023-02-15 08:00:00+00:00,22103.49,0.0,0.0125,276.293625
2023-02-14 08:00:00+00:00,weekday,tuesday,otm_call,23500.0,C,long,0.0005,2023-02-15 08:00:00+00:00,1,2023-02-15 08:00:00+00:00,22103.49,0.0,-0.0005,-11.051745
2023-02-14 08:00:00+00:00,weekday,tuesday,otm_put,19500.0,P,long,0.0005,2023-02-15 08:00:00+00:00,1,2023-02-15 08:00:00+00:00,22103.49,0.0,-0.0005,-11.051745
2023-02-18 08:00:00+00:00,weekend,saturday,atm_call,24500.0,C,short,0.0115,2023-02-19 08:00:00+00:00,1,2023-02-19 08:00:00+00:00,24571.35,0.002903788355137123,0.008596211644862878,211.22052500000146
2023-02-18 08:00:00+00:00,weekend,saturday,atm_put,24500.0,P,short,0.01,2023-02-19 08:00:00+00:00,1,2023-02-19 08:00:00+00:00,24571.35,0.0,0.01,245.71349999999998
2023-02-18 08:00:00+00:00,weekend,saturday,otm_call,26500.0,C,long,0.0005,2023-02-19 08:00:00+00:00,1,2023-02-19 08:00:00+00:00,24571.35,0.0,-0.0005,-12.285675
2023-02-18 08:00:00+00:00,weekend,saturday,otm_put,22750.0,P,long,0.0005,2023-02-19 08:00:00+00:00,1,2023-02-19 08:00:00+00:00,24571.35,0.0,-0.0005,-12.285675
2023-02-19 08:00:00+00:00,weekend,sunday,otm_put,23000.0,P,long,0.0005,2023-02-20 08:00:00+00:00,1,2023-02-20 08:00:00+00:00,24461.24,0.0,-0.0005,-12.230620000000002
2023-02-19 08:00:00+00:00,weekend,sunday,otm_call,26000.0,C,long,0.001,2023-02-20 08:00:00+00:00,1,2023-02-20 08:00:00+00:00,24461.24,0.0,-0.001,-24.461240000000004
2023-02-19 08:00:00+00:00,weekend,sunday,atm_call,24500.0,C,short,0.0135,2023-02-20 08:00:00+00:00,1,2023-02-20 08:00:00+00:00,24461.24,0.0,0.0135,330.22674
2023-02-19 08:00:00+00:00,weekend,sunday,atm_put,24500.0,P,short,0.0095,2023-02-20 08:00:00+00:00,1,2023-02-20 08:00:00+00:00,24461.24,0.00158454763536102,0.00791545236463898,193.62178000000162
2023-03-06 08:00:00+00:00,weekday,monday,atm_call,22500.0,C,short,0.005,2023-03-07 08:00:00+00:00,1,2023-03-07 08:00:00+00:00,22421.23,0.0,0.005,112.10615
2023-03-06 08:00:00+00:00,weekday,monday,atm_put,22500.0,P,short,0.01,2023-03-07 08:00:00+00:00,1,2023-03-07 08:00:00+00:00,22421.23,0.003513188170318954,0.006486811829681046,145.44229999999956
2023-03-06 08:00:00+00:00,weekday,monday,otm_call,23500.0,C,long,0.0005,2023-03-07 08:00:00+00:00,1,2023-03-07 08:00:00+00:00,22421.23,0.0,-0.0005,-11.210615
2023-03-06 08:00:00+00:00,weekday,monday,otm_put,21500.0,P,long,0.0005,2023-03-07 08:00:00+00:00,1,2023-03-07 08:00:00+00:00,22421.23,0.0,-0.0005,-11.210615
2023-03-22 08:00:00+00:00,weekday,wednesday,atm_call,28250.0,C,short,0.019,2023-03-23 08:00:00+00:00,1,2023-03-23 08:00:00+00:00,27723.87,0.0,0.019,526.75353
2023-03-22 08:00:00+00:00,weekday,wednesday,atm_put,28250.0,P,short,0.0235,2023-03-23 08:00:00+00:00,1,2023-03-23 08:00:00+00:00,27723.87,0.018977509272695373,0.004522490727304627,125.38094499999892
2023-03-22 08:00:00+00:00,weekday,wednesday,otm_call,31000.0,C,long,0.002,2023-03-23 08:00:00+00:00,1,2023-03-23 08:00:00+00:00,27723.87,0.0,-0.002,-55.447739999999996
2023-03-22 08:00:00+00:00,weekday,wednesday,otm_put,25000.0,P,long,0.0005,2023-03-23 08:00:00+00:00,1,2023-03-23 08:00:00+00:00,27723.87,0.0,-0.0005,-13.861934999999999
2023-04-07 08:00:00+00:00,weekday,friday,atm_call,27750.0,C,short,0.0105,2023-04-08 08:00:00+00:00,1,2023-04-08 08:00:00+00:00,28101.36,0.012503309448368355,-0.0020033094483683546,-56.29572000000054
2023-04-07 08:00:00+00:00,weekday,friday,atm_put,27750.0,P,short,0.006,2023-04-08 08:00:00+00:00,1,2023-04-08 08:00:00+00:00,28101.36,0.0,0.006,168.60816
2023-04-07 08:00:00+00:00,weekday,friday,otm_call,30500.0,C,long,0.0005,2023-04-08 08:00:00+00:00,1,2023-04-08 08:00:00+00:00,28101.36,0.0,-0.0005,-14.05068
2023-04-07 08:00:00+00:00,weekday,friday,otm_put,26500.0,P,long,0.0005,2023-04-08 08:00:00+00:00,1,2023-04-08 08:00:00+00:00,28101.36,0.0,-0.0005,-14.05068
2023-04-12 08:00:00+00:00,weekday,wednesday,otm_put,28000.0,P,long,0.0005,2023-04-13 08:00:00+00:00,1,2023-04-13 08:00:00+00:00,30097.58,0.0,-0.0005,-15.04879
2023-04-12 08:00:00+00:00,weekday,wednesday,otm_call,33000.0,C,long,0.0005,2023-04-13 08:00:00+00:00,1,2023-04-13 08:00:00+00:00,30097.58,0.0,-0.0005,-15.04879
2023-04-12 08:00:00+00:00,weekday,wednesday,atm_call,30000.0,C,short,0.0155,2023-04-13 08:00:00+00:00,1,2023-04-13 08:00:00+00:00,30097.58,0.003242121127346509,0.012257878872653491,368.93248999999827
2023-04-12 08:00:00+00:00,weekday,wednesday,atm_put,30000.0,P,short,0.0145,2023-04-13 08:00:00+00:00,1,2023-04-13 08:00:00+00:00,30097.58,0.0,0.0145,436.41491
2023-05-16 08:00:00+00:00,weekday,tuesday,atm_call,27250.0,C,short,0.009,2023-05-17 08:00:00+00:00,1,2023-05-17 08:00:00+00:00,26848.68,0.0,0.009,241.63812
2023-05-16 08:00:00+00:00,weekday,tuesday,atm_put,27250.0,P,short,0.009,2023-05-17 08:00:00+00:00,1,2023-05-17 08:00:00+00:00,26848.68,0.01494747600254462,-0.005947476002544621,-159.68187999999972
2023-05-16 08:00:00+00:00,weekday,tuesday,otm_call,28500.0,C,long,0.0005,2023-05-17 08:00:00+00:00,1,2023-05-17 08:00:00+00:00,26848.68,0.0,-0.0005,-13.42434
2023-05-16 08:00:00+00:00,weekday,tuesday,otm_put,26000.0,P,long,0.0005,2023-05-17 08:00:00+00:00,1,2023-05-17 08:00:00+00:00,26848.68,0.0,-0.0005,-13.42434
2023-05-30 08:00:00+00:00,weekday,tuesday,atm_call,27750.0,C,short,0.0085,2023-05-31 08:00:00+00:00,1,2023-05-31 08:00:00+00:00,27173.99,0.0,0.0085,230.97891500000003
2023-05-30 08:00:00+00:00,weekday,tuesday,atm_put,27750.0,P,short,0.0065,2023-05-31 08:00:00+00:00,1,2023-05-31 08:00:00+00:00,27173.99,0.021197107969790168,-0.01469710796979017,-399.3790649999984
2023-05-30 08:00:00+00:00,weekday,tuesday,otm_call,29000.0,C,long,0.0005,2023-05-31 08:00:00+00:00,1,2023-05-31 08:00:00+00:00,27173.99,0.0,-0.0005,-13.586995000000002
2023-05-30 08:00:00+00:00,weekday,tuesday,otm_put,26500.0,P,long,0.0005,2023-05-31 08:00:00+00:00,1,2023-05-31 08:00:00+00:00,27173.99,0.0,-0.0005,-13.586995000000002
2023-06-09 08:00:00+00:00,weekday,friday,otm_put,25500.0,P,long,0.0005,2023-06-10 08:00:00+00:00,1,2023-06-10 08:00:00+00:00,25663.29,0.0,-0.0005,-12.831645
2023-06-09 08:00:00+00:00,weekday,friday,atm_call,26500.0,C,short,0.0105,2023-06-10 08:00:00+00:00,1,2023-06-10 08:00:00+00:00,25663.29,0.0,0.0105,269.46454500000004
2023-06-09 08:00:00+00:00,weekday,friday,atm_put,26500.0,P,short,0.006,2023-06-10 08:00:00+00:00,1,2023-06-10 08:00:00+00:00,25663.29,0.03260338015897413,-0.02660338015897413,-682.7302599999991
2023-06-09 08:00:00+00:00,weekday,friday,otm_call,30000.0,C,long,0.0005,2023-06-10 08:00:00+00:00,1,2023-06-10 08:00:00+00:00,25663.29,0.0,-0.0005,-12.831645
2023-06-13 08:00:00+00:00,weekday,tuesday,otm_put,24500.0,P,long,0.0005,2023-06-14 08:00:00+00:00,1,2023-06-14 08:00:00+00:00,25898.5,0.0,-0.0005,-12.949250000000001
2023-06-13 08:00:00+00:00,weekday,tuesday,otm_call,27500.0,C,long,0.0005,2023-06-14 08:00:00+00:00,1,2023-06-14 08:00:00+00:00,25898.5,0.0,-0.0005,-12.949250000000001
2023-06-13 08:00:00+00:00,weekday,tuesday,atm_call,26000.0,C,short,0.0135,2023-06-14 08:00:00+00:00,1,2023-06-14 08:00:00+00:00,25898.5,0.0,0.0135,349.62975
2023-06-13 08:00:00+00:00,weekday,tuesday,atm_put,26000.0,P,short,0.009,2023-06-14 08:00:00+00:00,1,2023-06-14 08:00:00+00:00,25898.5,0.003919145896480491,0.005080854103519508,131.58649999999997
2023-06-22 08:00:00+00:00,weekday,thursday,atm_call,30000.0,C,short,0.014,2023-06-23 08:00:00+00:00,1,2023-06-23 08:00:00+00:00,29951.99,0.0,0.014,419.32786000000004
2023-06-22 08:00:00+00:00,weekday,thursday,atm_put,30000.0,P,short,0.0095,2023-06-23 08:00:00+00:00,1,2023-06-23 08:00:00+00:00,29951.99,0.0016028985052411674,0.007897101494758833,236.53390500000162
2023-06-22 08:00:00+00:00,weekday,thursday,otm_call,33000.0,C,long,0.0005,2023-06-23 08:00:00+00:00,1,2023-06-23 08:00:00+00:00,29951.99,0.0,-0.0005,-14.975995000000001
2023-06-22 08:00:00+00:00,weekday,thursday,otm_put,28250.0,P,long,0.0005,2023-06-23 08:00:00+00:00,1,2023-06-23 08:00:00+00:00,29951.99,0.0,-0.0005,-14.975995000000001
2023-06-29 08:00:00+00:00,weekday,thursday,otm_call,32000.0,C,long,0.0005,2023-06-30 08:00:00+00:00,1,2023-06-30 08:00:00+00:00,30761.31,0.0,-0.0005,-15.380655
2023-06-29 08:00:00+00:00,weekday,thursday,atm_call,30500.0,C,short,0.006,2023-06-30 08:00:00+00:00,1,2023-06-30 08:00:00+00:00,30761.31,0.008494761764047152,-0.002494761764047152,-76.7421400000013
2023-06-29 08:00:00+00:00,weekday,thursday,atm_put,30500.0,P,short,0.01,2023-06-30 08:00:00+00:00,1,2023-06-30 08:00:00+00:00,30761.31,0.0,0.01,307.61310000000003
2023-06-29 08:00:00+00:00,weekday,thursday,otm_put,29000.0,P,long,0.0005,2023-06-30 08:00:00+00:00,1,2023-06-30 08:00:00+00:00,30761.31,0.0,-0.0005,-15.380655
2023-07-06 08:00:00+00:00,weekday,thursday,otm_put,27000.0,P,long,0.0001,2023-07-07 08:00:00+00:00,1,2023-07-07 08:00:00+00:00,30005.6,0.0,-0.0001,-3.00056
2023-07-06 08:00:00+00:00,weekday,thursday,otm_call,34000.0,C,long,0.0002,2023-07-07 08:00:00+00:00,1,2023-07-07 08:00:00+00:00,30005.6,0.0,-0.0002,-6.00112
2023-07-06 08:00:00+00:00,weekday,thursday,atm_call,31000.0,C,short,0.0185,2023-07-07 08:00:00+00:00,1,2023-07-07 08:00:00+00:00,30005.6,0.0,0.0185,555.1035999999999
2023-07-06 08:00:00+00:00,weekday,thursday,atm_put,30750.0,P,short,0.003,2023-07-07 08:00:00+00:00,1,2023-07-07 08:00:00+00:00,30005.6,0.024808702375556612,-0.021808702375556613,-654.3832000000015
2023-07-12 08:00:00+00:00,weekday,wednesday,atm_call,30750.0,C,short,0.011,2023-07-13 08:00:00+00:00,1,2023-07-13 08:00:00+00:00,30360.41,0.0,0.011,333.96450999999996
2023-07-12 08:00:00+00:00,weekday,wednesday,atm_put,30750.0,P,short,0.01,2023-07-13 08:00:00+00:00,1,2023-07-13 08:00:00+00:00,30360.41,0.012832171897546842,-0.002832171897546842,-85.98590000000011
2023-07-12 08:00:00+00:00,weekday,wednesday,otm_call,34000.0,C,long,0.0002,2023-07-13 08:00:00+00:00,1,2023-07-13 08:00:00+00:00,30360.41,0.0,-0.0002,-6.072082
2023-07-12 08:00:00+00:00,weekday,wednesday,otm_put,29000.0,P,long,0.0002,2023-07-13 08:00:00+00:00,1,2023-07-13 08:00:00+00:00,30360.41,0.0,-0.0002,-6.072082
2023-08-25 08:00:00+00:00,weekday,friday,atm_call,26000.0,C,short,0.0095,2023-08-26 08:00:00+00:00,1,2023-08-26 08:00:00+00:00,26037.65,0.0014459830284223596,0.00805401697157764,209.70767499999855
2023-08-25 08:00:00+00:00,weekday,friday,atm_put,26000.0,P,short,0.0065,2023-08-26 08:00:00+00:00,1,2023-08-26 08:00:00+00:00,26037.65,0.0,0.0065,169.244725
2023-08-25 08:00:00+00:00,weekday,friday,otm_call,29000.0,C,long,0.0001,2023-08-26 08:00:00+00:00,1,2023-08-26 08:00:00+00:00,26037.65,0.0,-0.0001,-2.603765
2023-08-25 08:00:00+00:00,weekday,friday,otm_put,23500.0,P,long,0.0001,2023-08-26 08:00:00+00:00,1,2023-08-26 08:00:00+00:00,26037.65,0.0,-0.0001,-2.603765
2023-10-13 08:00:00+00:00,weekday,friday,atm_call,26750.0,C,short,0.009,2023-10-14 08:00:00+00:00,1,2023-10-14 08:00:00+00:00,26872.3,0.004551154906725486,0.004448845093274513,119.55070000000069
2023-10-13 08:00:00+00:00,weekday,friday,atm_put,26750.0,P,short,0.0055,2023-10-14 08:00:00+00:00,1,2023-10-14 08:00:00+00:00,26872.3,0.0,0.0055,147.79764999999998
2023-10-13 08:00:00+00:00,weekday,friday,otm_call,29000.0,C,long,0.0001,2023-10-14 08:00:00+00:00,1,2023-10-14 08:00:00+00:00,26872.3,0.0,-0.0001,-2.68723
2023-10-13 08:00:00+00:00,weekday,friday,otm_put,25000.0,P,long,0.0003,2023-10-14 08:00:00+00:00,1,2023-10-14 08:00:00+00:00,26872.3,0.0,-0.0003,-8.061689999999999
2023-10-20 08:00:00+00:00,weekday,friday,otm_put,27000.0,P,long,0.0001,2023-10-21 08:00:00+00:00,1,2023-10-21 08:00:00+00:00,29706.78,0.0,-0.0001,-2.970678
2023-10-20 08:00:00+00:00,weekday,friday,otm_call,32000.0,C,long,0.0004,2023-10-21 08:00:00+00:00,1,2023-10-21 08:00:00+00:00,29706.78,0.0,-0.0004,-11.882712
2023-10-20 08:00:00+00:00,weekday,friday,atm_call,29000.0,C,short,0.0285,2023-10-21 08:00:00+00:00,1,2023-10-21 08:00:00+00:00,29706.78,0.02379187512076364,0.004708124879236362,139.86323000000115
2023-10-20 08:00:00+00:00,weekday,friday,atm_put,29250.0,P,short,0.0025,2023-10-21 08:00:00+00:00,1,2023-10-21 08:00:00+00:00,29706.78,0.0,0.0025,74.26695
2023-10-27 08:00:00+00:00,weekday,friday,atm_call,34000.0,C,short,0.011,2023-10-28 08:00:00+00:00,1,2023-10-28 08:00:00+00:00,34051.64,0.0015165202028448385,0.00948347979715516,322.9280400000006
2023-10-27 08:00:00+00:00,weekday,friday,atm_put,34000.0,P,short,0.0085,2023-10-28 08:00:00+00:00,1,2023-10-28 08:00:00+00:00,34051.64,0.0,0.0085,289.43894
2023-10-27 08:00:00+00:00,weekday,friday,otm_call,37500.0,C,long,0.0003,2023-10-28 08:00:00+00:00,1,2023-10-28 08:00:00+00:00,34051.64,0.0,-0.0003,-10.215492
2023-10-27 08:00:00+00:00,weekday,friday,otm_put,30000.0,P,long,0.0001,2023-10-28 08:00:00+00:00,1,2023-10-28 08:00:00+00:00,34051.64,0.0,-0.0001,-3.405164
2023-11-01 08:00:00+00:00,weekday,wednesday,atm_call,34500.0,C,short,0.0095,2023-11-02 08:00:00+00:00,1,2023-11-02 08:00:00+00:00,35343.17,0.023856660282594862,-0.014356660282594863,-507.40988499999827
2023-11-01 08:00:00+00:00,weekday,wednesday,atm_put,34500.0,P,short,0.01,2023-11-02 08:00:00+00:00,1,2023-11-02 08:00:00+00:00,35343.17,0.0,0.01,353.4317
2023-11-01 08:00:00+00:00,weekday,wednesday,otm_call,37500.0,C,long,0.0002,2023-11-02 08:00:00+00:00,1,2023-11-02 08:00:00+00:00,35343.17,0.0,-0.0002,-7.068634
2023-11-01 08:00:00+00:00,weekday,wednesday,otm_put,31500.0,P,long,0.0002,2023-11-02 08:00:00+00:00,1,2023-11-02 08:00:00+00:00,35343.17,0.0,-0.0002,-7.068634
2023-11-13 08:00:00+00:00,weekday,monday,otm_put,32500.0,P,long,0.0001,2023-11-14 08:00:00+00:00,1,2023-11-14 08:00:00+00:00,36745.76,0.0,-0.0001,-3.6745760000000005
2023-11-13 08:00:00+00:00,weekday,monday,otm_call,43000.0,C,long,0.0001,2023-11-14 08:00:00+00:00,1,2023-11-14 08:00:00+00:00,36745.76,0.0,-0.0001,-3.6745760000000005
2023-11-13 08:00:00+00:00,weekday,monday,atm_put,37000.0,P,short,0.01,2023-11-14 08:00:00+00:00,1,2023-11-14 08:00:00+00:00,36745.76,0.00691889349954928,0.00308110650045072,113.21760000000205
2023-11-13 08:00:00+00:00,weekday,monday,atm_call,37000.0,C,short,0.009,2023-11-14 08:00:00+00:00,1,2023-11-14 08:00:00+00:00,36745.76,0.0,0.009,330.71184
2023-11-24 08:00:00+00:00,weekday,friday,atm_call,37500.0,C,short,0.0085,2023-11-25 08:00:00+00:00,1,2023-11-25 08:00:00+00:00,37790.01,0.007674250416975333,0.0008257495830246674,31.20508499999801
2023-11-24 08:00:00+00:00,weekday,friday,atm_put,37500.0,P,short,0.008,2023-11-25 08:00:00+00:00,1,2023-11-25 08:00:00+00:00,37790.01,0.0,0.008,302.32008
2023-11-24 08:00:00+00:00,weekday,friday,otm_call,42500.0,C,long,0.0001,2023-11-25 08:00:00+00:00,1,2023-11-25 08:00:00+00:00,37790.01,0.0,-0.0001,-3.7790010000000005
2023-11-24 08:00:00+00:00,weekday,friday,otm_put,34000.0,P,long,0.0001,2023-11-25 08:00:00+00:00,1,2023-11-25 08:00:00+00:00,37790.01,0.0,-0.0001,-3.7790010000000005
2023-12-01 08:00:00+00:00,weekday,friday,atm_call,38250.0,C,short,0.0175,2023-12-02 08:00:00+00:00,1,2023-12-02 08:00:00+00:00,38731.63,0.012435056309274807,0.005064943690725195,196.17352500000266
2023-12-01 08:00:00+00:00,weekday,friday,atm_put,38250.0,P,short,0.0055,2023-12-02 08:00:00+00:00,1,2023-12-02 08:00:00+00:00,38731.63,0.0,0.0055,213.02396499999998
2023-12-01 08:00:00+00:00,weekday,friday,otm_call,43000.0,C,long,0.0002,2023-12-02 08:00:00+00:00,1,2023-12-02 08:00:00+00:00,38731.63,0.0,-0.0002,-7.746326
2023-12-01 08:00:00+00:00,weekday,friday,otm_put,35500.0,P,long,0.0001,2023-12-02 08:00:00+00:00,1,2023-12-02 08:00:00+00:00,38731.63,0.0,-0.0001,-3.873163
2023-12-07 08:00:00+00:00,weekday,thursday,otm_call,50000.0,C,long,0.0001,2023-12-08 08:00:00+00:00,1,2023-12-08 08:00:00+00:00,43215.81,0.0,-0.0001,-4.321581
2023-12-07 08:00:00+00:00,weekday,thursday,otm_put,37000.0,P,long,0.0001,2023-12-08 08:00:00+00:00,1,2023-12-08 08:00:00+00:00,43215.81,0.0,-0.0001,-4.321581
2023-12-07 08:00:00+00:00,weekday,thursday,atm_call,43500.0,C,short,0.0055,2023-12-08 08:00:00+00:00,1,2023-12-08 08:00:00+00:00,43215.81,0.0,0.0055,237.68695499999998
2023-12-07 08:00:00+00:00,weekday,thursday,atm_put,43500.0,P,short,0.016,2023-12-08 08:00:00+00:00,1,2023-12-08 08:00:00+00:00,43215.81,0.006576065564894013,0.009423934435105988,407.2629599999977
2023-12-28 08:00:00+00:00,weekday,thursday,atm_call,43000.0,C,short,0.0115,2023-12-29 08:00:00+00:00,1,2023-12-29 08:00:00+00:00,42500.13,0.0,0.0115,488.751495
2023-12-28 08:00:00+00:00,weekday,thursday,atm_put,43000.0,P,short,0.0075,2023-12-29 08:00:00+00:00,1,2023-12-29 08:00:00+00:00,42500.13,0.01176161108213087,-0.00426161108213087,-181.11902500000264
2023-12-28 08:00:00+00:00,weekday,thursday,otm_call,49000.0,C,long,0.0001,2023-12-29 08:00:00+00:00,1,2023-12-29 08:00:00+00:00,42500.13,0.0,-0.0001,-4.250013
2023-12-28 08:00:00+00:00,weekday,thursday,otm_put,38000.0,P,long,0.0001,2023-12-29 08:00:00+00:00,1,2023-12-29 08:00:00+00:00,42500.13,0.0,-0.0001,-4.250013
2023-12-29 08:00:00+00:00,weekday,friday,atm_call,42500.0,C,short,0.0085,2023-12-30 08:00:00+00:00,1,2023-12-30 08:00:00+00:00,41565.93,0.0,0.0085,353.310405
2023-12-29 08:00:00+00:00,weekday,friday,atm_put,42500.0,P,short,0.007,2023-12-30 08:00:00+00:00,1,2023-12-30 08:00:00+00:00,41565.93,0.02247201012944976,-0.015472010129449761,-643.1084899999997
2023-12-29 08:00:00+00:00,weekday,friday,otm_call,47000.0,C,long,0.0001,2023-12-30 08:00:00+00:00,1,2023-12-30 08:00:00+00:00,41565.93,0.0,-0.0001,-4.156593
2023-12-29 08:00:00+00:00,weekday,friday,otm_put,38500.0,P,long,0.0001,2023-12-30 08:00:00+00:00,1,2023-12-30 08:00:00+00:00,41565.93,0.0,-0.0001,-4.156593
2024-01-03 08:00:00+00:00,weekday,wednesday,otm_call,50500.0,C,long,0.0001,2024-01-04 08:00:00+00:00,1,2024-01-04 08:00:00+00:00,42880.65,0.0,-0.0001,-4.2880650000000005
2024-01-03 08:00:00+00:00,weekday,wednesday,atm_call,45250.0,C,short,0.0086,2024-01-04 08:00:00+00:00,1,2024-01-04 08:00:00+00:00,42880.65,0.0,0.0086,368.77359
2024-01-03 08:00:00+00:00,weekday,wednesday,atm_put,45250.0,P,short,0.0105,2024-01-04 08:00:00+00:00,1,2024-01-04 08:00:00+00:00,42880.65,0.0552545262256985,-0.0447545262256985,-1919.1031749999984
2024-01-03 08:00:00+00:00,weekday,wednesday,otm_put,41750.0,P,long,0.0001,2024-01-04 08:00:00+00:00,1,2024-01-04 08:00:00+00:00,42880.65,0.0,-0.0001,-4.2880650000000005
2024-01-05 08:00:00+00:00,weekday,friday,otm_put,37500.0,P,long,0.0002,2024-01-06 08:00:00+00:00,1,2024-01-06 08:00:00+00:00,43736.14,0.0,-0.0002,-8.747228
2024-01-05 08:00:00+00:00,weekday,friday,otm_call,50500.0,C,long,0.0004,2024-01-06 08:00:00+00:00,1,2024-01-06 08:00:00+00:00,43736.14,0.0,-0.0004,-17.494456
2024-01-05 08:00:00+00:00,weekday,friday,atm_call,44000.0,C,short,0.0145,2024-01-06 08:00:00+00:00,1,2024-01-06 08:00:00+00:00,43736.14,0.0,0.0145,634.17403
2024-01-05 08:00:00+00:00,weekday,friday,atm_put,44000.0,P,short,0.0135,2024-01-06 08:00:00+00:00,1,2024-01-06 08:00:00+00:00,43736.14,0.006032996967725103,0.007467003032274897,326.5778899999994
2024-01-08 08:00:00+00:00,weekday,monday,atm_call,44000.0,C,short,0.013,2024-01-09 08:00:00+00:00,1,2024-01-09 08:00:00+00:00,46573.46,0.05525593331481061,-0.04225593331481061,-1968.0050199999994
2024-01-08 08:00:00+00:00,weekday,monday,atm_put,44000.0,P,short,0.0155,2024-01-09 08:00:00+00:00,1,2024-01-09 08:00:00+00:00,46573.46,0.0,0.0155,721.88863
2024-01-08 08:00:00+00:00,weekday,monday,otm_call,50500.0,C,long,0.0003,2024-01-09 08:00:00+00:00,1,2024-01-09 08:00:00+00:00,46573.46,0.0,-0.0003,-13.972037999999998
2024-01-08 08:00:00+00:00,weekday,monday,otm_put,38500.0,P,long,0.0003,2024-01-09 08:00:00+00:00,1,2024-01-09 08:00:00+00:00,46573.46,0.0,-0.0003,-13.972037999999998
2024-01-10 08:00:00+00:00,weekday,wednesday,atm_call,45250.0,C,short,0.0235,2024-01-11 08:00:00+00:00,1,2024-01-11 08:00:00+00:00,46281.31,0.0222835092610818,0.0012164907389182016,56.30078500000235
2024-01-10 08:00:00+00:00,weekday,wednesday,atm_put,45250.0,P,short,0.019,2024-01-11 08:00:00+00:00,1,2024-01-11 08:00:00+00:00,46281.31,0.0,0.019,879.34489
2024-01-10 08:00:00+00:00,weekday,wednesday,otm_call,52000.0,C,long,0.0007,2024-01-11 08:00:00+00:00,1,2024-01-11 08:00:00+00:00,46281.31,0.0,-0.0007,-32.396916999999995
2024-01-10 08:00:00+00:00,weekday,wednesday,otm_put,39000.0,P,long,0.0022,2024-01-11 08:00:00+00:00,1,2024-01-11 08:00:00+00:00,46281.31,0.0,-0.0022,-101.818882
2024-01-18 08:00:00+00:00,weekday,thursday,otm_call,47500.0,C,long,0.0001,2024-01-19 08:00:00+00:00,1,2024-01-19 08:00:00+00:00,41235.14,0.0,-0.0001,-4.123514
2024-01-18 08:00:00+00:00,weekday,thursday,otm_put,39000.0,P,long,0.0002,2024-01-19 08:00:00+00:00,1,2024-01-19 08:00:00+00:00,41235.14,0.0,-0.0002,-8.247028
2024-01-18 08:00:00+00:00,weekday,thursday,atm_call,42500.0,C,short,0.0125,2024-01-19 08:00:00+00:00,1,2024-01-19 08:00:00+00:00,41235.14,0.0,0.0125,515.43925
2024-01-18 08:00:00+00:00,weekday,thursday,atm_put,42500.0,P,short,0.0045,2024-01-19 08:00:00+00:00,1,2024-01-19 08:00:00+00:00,41235.14,0.03067432291972334,-0.02617432291972334,-1079.3018700000007
2024-01-31 08:00:00+00:00,weekday,wednesday,atm_call,43000.0,C,short,0.0105,2024-02-01 08:00:00+00:00,1,2024-02-01 08:00:00+00:00,42200.0,0.0,0.0105,443.1
2024-01-31 08:00:00+00:00,weekday,wednesday,atm_put,43000.0,P,short,0.0085,2024-02-01 08:00:00+00:00,1,2024-02-01 08:00:00+00:00,42200.0,0.018957345971563982,-0.010457345971563982,-441.3
2024-01-31 08:00:00+00:00,weekday,wednesday,otm_call,46000.0,C,long,0.0001,2024-02-01 08:00:00+00:00,1,2024-02-01 08:00:00+00:00,42200.0,0.0,-0.0001,-4.220000000000001
2024-01-31 08:00:00+00:00,weekday,wednesday,otm_put,40000.0,P,long,0.0001,2024-02-01 08:00:00+00:00,1,2024-02-01 08:00:00+00:00,42200.0,0.0,-0.0001,-4.220000000000001
2024-02-20 08:00:00+00:00,weekday,tuesday,atm_call,51750.0,C,short,0.0085,2024-02-21 08:00:00+00:00,1,2024-02-21 08:00:00+00:00,51671.31,0.0,0.0085,439.206135
2024-02-20 08:00:00+00:00,weekday,tuesday,atm_put,51750.0,P,short,0.0085,2024-02-21 08:00:00+00:00,1,2024-02-21 08:00:00+00:00,51671.31,0.0015228953939817344,0.006977104606018266,360.5161349999977
2024-02-20 08:00:00+00:00,weekday,tuesday,otm_call,56000.0,C,long,0.0001,2024-02-21 08:00:00+00:00,1,2024-02-21 08:00:00+00:00,51671.31,0.0,-0.0001,-5.167131
2024-02-20 08:00:00+00:00,weekday,tuesday,otm_put,47000.0,P,long,0.0002,2024-02-21 08:00:00+00:00,1,2024-02-21 08:00:00+00:00,51671.31,0.0,-0.0002,-10.334262
2024-02-24 08:00:00+00:00,weekend,saturday,otm_put,48000.0,P,long,0.0001,2024-02-25 08:00:00+00:00,1,2024-02-25 08:00:00+00:00,51603.05,0.0,-0.0001,-5.160305
2024-02-24 08:00:00+00:00,weekend,saturday,atm_call,51000.0,C,short,0.006,2024-02-25 08:00:00+00:00,1,2024-02-25 08:00:00+00:00,51603.05,0.011686324742432915,-0.005686324742432915,-293.4317000000029
2024-02-24 08:00:00+00:00,weekend,saturday,atm_put,51000.0,P,short,0.0042,2024-02-25 08:00:00+00:00,1,2024-02-25 08:00:00+00:00,51603.05,0.0,0.0042,216.73281
2024-02-24 08:00:00+00:00,weekend,saturday,otm_call,54000.0,C,long,0.0001,2024-02-25 08:00:00+00:00,1,2024-02-25 08:00:00+00:00,51603.05,0.0,-0.0001,-5.160305
2024-02-26 08:00:00+00:00,weekday,monday,otm_put,47000.0,P,long,0.0002,2024-02-27 08:00:00+00:00,1,2024-02-27 08:00:00+00:00,56278.91,0.0,-0.0002,-11.255782000000002
2024-02-26 08:00:00+00:00,weekday,monday,otm_call,55000.0,C,long,0.0002,2024-02-27 08:00:00+00:00,1,2024-02-27 08:00:00+00:00,56278.91,0.022724498395580217,0.02252449839558022,1267.6542180000035
2024-02-26 08:00:00+00:00,weekday,monday,atm_call,51250.0,C,short,0.0085,2024-02-27 08:00:00+00:00,1,2024-02-27 08:00:00+00:00,56278.91,0.08935691895951793,-0.08085691895951794,-4550.539265000004
2024-02-26 08:00:00+00:00,weekday,monday,atm_put,51250.0,P,short,0.009,2024-02-27 08:00:00+00:00,1,2024-02-27 08:00:00+00:00,56278.91,0.0,0.009,506.51018999999997
2024-03-05 08:00:00+00:00,weekday,tuesday,atm_call,67000.0,C,short,0.017,2024-03-06 08:00:00+00:00,1,2024-03-06 08:00:00+00:00,66940.04,0.0,0.017,1137.98068
2024-03-05 08:00:00+00:00,weekday,tuesday,atm_put,67000.0,P,short,0.0195,2024-03-06 08:00:00+00:00,1,2024-03-06 08:00:00+00:00,66940.04,0.0008957269819379613,0.01860427301806204,1245.3707799999936
2024-03-05 08:00:00+00:00,weekday,tuesday,otm_call,77000.0,C,long,0.0001,2024-03-06 08:00:00+00:00,1,2024-03-06 08:00:00+00:00,66940.04,0.0,-0.0001,-6.694004
2024-03-05 08:00:00+00:00,weekday,tuesday,otm_put,58500.0,P,long,0.0002,2024-03-06 08:00:00+00:00,1,2024-03-06 08:00:00+00:00,66940.04,0.0,-0.0002,-13.388008
2024-03-08 08:00:00+00:00,weekday,friday,atm_call,67500.0,C,short,0.0125,2024-03-09 08:00:00+00:00,1,2024-03-09 08:00:00+00:00,68446.0,0.013821114455190953,-0.0013211144551909526,-90.42499999999994
2024-03-08 08:00:00+00:00,weekday,friday,atm_put,67000.0,P,short,0.01,2024-03-09 08:00:00+00:00,1,2024-03-09 08:00:00+00:00,68446.0,0.0,0.01,684.46
2024-03-08 08:00:00+00:00,weekday,friday,otm_call,77000.0,C,long,0.0001,2024-03-09 08:00:00+00:00,1,2024-03-09 08:00:00+00:00,68446.0,0.0,-0.0001,-6.844600000000001
2024-03-08 08:00:00+00:00,weekday,friday,otm_put,61000.0,P,long,0.0003,2024-03-09 08:00:00+00:00,1,2024-03-09 08:00:00+00:00,68446.0,0.0,-0.0003,-20.5338
2024-03-10 08:00:00+00:00,weekend,sunday,otm_put,64000.0,P,long,0.0004,2024-03-11 08:00:00+00:00,1,2024-03-11 08:00:00+00:00,71205.54,0.0,-0.0004,-28.482215999999998
2024-03-10 08:00:00+00:00,weekend,sunday,otm_call,78000.0,C,long,0.0001,2024-03-11 08:00:00+00:00,1,2024-03-11 08:00:00+00:00,71205.54,0.0,-0.0001,-7.120553999999999
2024-03-10 08:00:00+00:00,weekend,sunday,atm_call,70000.0,C,short,0.0105,2024-03-11 08:00:00+00:00,1,2024-03-11 08:00:00+00:00,71205.54,0.016930424233844638,-0.006430424233844637,-457.8818299999936
2024-03-10 08:00:00+00:00,weekend,sunday,atm_put,70000.0,P,short,0.015,2024-03-11 08:00:00+00:00,1,2024-03-11 08:00:00+00:00,71205.54,0.0,0.015,1068.0830999999998
2024-03-12 08:00:00+00:00,weekday,tuesday,atm_call,71500.0,C,short,0.0175,2024-03-13 08:00:00+00:00,1,2024-03-13 08:00:00+00:00,73486.97,0.02703839878008307,-0.009538398780083068,-700.948025000001
2024-03-12 08:00:00+00:00,weekday,tuesday,atm_put,71500.0,P,short,0.014,2024-03-13 08:00:00+00:00,1,2024-03-13 08:00:00+00:00,73486.97,0.0,0.014,1028.8175800000001
2024-03-12 08:00:00+00:00,weekday,tuesday,otm_call,82000.0,C,long,0.0001,2024-03-13 08:00:00+00:00,1,2024-03-13 08:00:00+00:00,73486.97,0.0,-0.0001,-7.3486970000000005
2024-03-12 08:00:00+00:00,weekday,tuesday,otm_put,62000.0,P,long,0.0002,2024-03-13 08:00:00+00:00,1,2024-03-13 08:00:00+00:00,73486.97,0.0,-0.0002,-14.697394000000001
2024-03-13 08:00:00+00:00,weekday,wednesday,atm_call,73500.0,C,short,0.018,2024-03-14 08:00:00+00:00,1,2024-03-14 08:00:00+00:00,73371.18,0.0,0.018,1320.6812399999997
2024-03-13 08:00:00+00:00,weekday,wednesday,atm_put,73500.0,P,short,0.0145,2024-03-14 08:00:00+00:00,1,2024-03-14 08:00:00+00:00,73371.18,0.0017557302472170544,0.012744269752782946,935.0621099999929
2024-03-13 08:00:00+00:00,weekday,wednesday,otm_call,84000.0,C,long,0.0001,2024-03-14 08:00:00+00:00,1,2024-03-14 08:00:00+00:00,73371.18,0.0,-0.0001,-7.337117999999999
2024-03-13 08:00:00+00:00,weekday,wednesday,otm_put,63000.0,P,long,0.0002,2024-03-14 08:00:00+00:00,1,2024-03-14 08:00:00+00:00,73371.18,0.0,-0.0002,-14.674235999999999
2024-03-14 08:00:00+00:00,weekday,thursday,otm_call,84000.0,C,long,0.0001,2024-03-15 08:00:00+00:00,1,2024-03-15 08:00:00+00:00,67021.01,0.0,-0.0001,-6.702101
2024-03-14 08:00:00+00:00,weekday,thursday,atm_call,73500.0,C,short,0.012,2024-03-15 08:00:00+00:00,1,2024-03-15 08:00:00+00:00,67021.01,0.0,0.012,804.25212
2024-03-14 08:00:00+00:00,weekday,thursday,atm_put,73500.0,P,short,0.0115,2024-03-15 08:00:00+00:00,1,2024-03-15 08:00:00+00:00,67021.01,0.09667102898031536,-0.08517102898031537,-5708.248385000005
2024-03-14 08:00:00+00:00,weekday,thursday,otm_put,62500.0,P,long,0.0001,2024-03-15 08:00:00+00:00,1,2024-03-15 08:00:00+00:00,67021.01,0.0,-0.0001,-6.702101
2024-04-08 08:00:00+00:00,weekday,monday,otm_put,60000.0,P,long,0.0001,2024-04-09 08:00:00+00:00,1,2024-04-09 08:00:00+00:00,70410.16,0.0,-0.0001,-7.041016000000001
2024-04-08 08:00:00+00:00,weekday,monday,otm_call,80000.0,C,long,0.0003,2024-04-09 08:00:00+00:00,1,2024-04-09 08:00:00+00:00,70410.16,0.0,-0.0003,-21.123048
2024-04-08 08:00:00+00:00,weekday,monday,atm_put,70500.0,P,short,0.006,2024-04-09 08:00:00+00:00,1,2024-04-09 08:00:00+00:00,70410.16,0.0012759522205317599,0.00472404777946824,332.62096000000355
2024-04-08 08:00:00+00:00,weekday,monday,atm_call,70500.0,C,short,0.032,2024-04-09 08:00:00+00:00,1,2024-04-09 08:00:00+00:00,70410.16,0.0,0.032,2253.12512
2024-04-10 08:00:00+00:00,weekday,wednesday,atm_call,69500.0,C,short,0.0154,2024-04-11 08:00:00+00:00,1,2024-04-11 08:00:00+00:00,70742.26,0.017560366321347307,-0.0021603663213473068,-152.8291959999947
2024-04-10 08:00:00+00:00,weekday,wednesday,atm_put,69500.0,P,short,0.0132,2024-04-11 08:00:00+00:00,1,2024-04-11 08:00:00+00:00,70742.26,0.0,0.0132,933.797832
2024-04-10 08:00:00+00:00,weekday,wednesday,otm_call,80000.0,C,long,0.0045,2024-04-11 08:00:00+00:00,1,2024-04-11 08:00:00+00:00,70742.26,0.0,-0.0045,-318.34016999999994
2024-04-10 08:00:00+00:00,weekday,wednesday,otm_put,63000.0,P,long,0.0048,2024-04-11 08:00:00+00:00,1,2024-04-11 08:00:00+00:00,70742.26,0.0,-0.0048,-339.5628479999999
2024-04-23 08:00:00+00:00,weekday,tuesday,atm_call,66000.0,C,short,0.0115,2024-04-24 08:00:00+00:00,1,2024-04-24 08:00:00+00:00,66621.96,0.009335660493927323,0.0021643395060726763,144.1925399999936
2024-04-23 08:00:00+00:00,weekday,tuesday,atm_put,66000.0,P,short,0.0105,2024-04-24 08:00:00+00:00,1,2024-04-24 08:00:00+00:00,66621.96,0.0,0.0105,699.5305800000001
2024-04-23 08:00:00+00:00,weekday,tuesday,otm_call,72000.0,C,long,0.0001,2024-04-24 08:00:00+00:00,1,2024-04-24 08:00:00+00:00,66621.96,0.0,-0.0001,-6.662196000000001
2024-04-23 08:00:00+00:00,weekday,tuesday,otm_put,59000.0,P,long,0.0002,2024-04-24 08:00:00+00:00,1,2024-04-24 08:00:00+00:00,66621.96,0.0,-0.0002,-13.324392000000001
2024-05-06 08:00:00+00:00,weekday,monday,atm_call,64500.0,C,short,0.0215,2024-05-07 08:00:00+00:00,1,2024-05-07 08:00:00+00:00,63686.93,0.0,0.0215,1369.268995
2024-05-06 08:00:00+00:00,weekday,monday,atm_put,64500.0,P,short,0.0055,2024-05-07 08:00:00+00:00,1,2024-05-07 08:00:00+00:00,63686.93,0.012766669707583639,-0.007266669707583639,-462.7918849999997
2024-05-06 08:00:00+00:00,weekday,monday,otm_call,71000.0,C,long,0.0003,2024-05-07 08:00:00+00:00,1,2024-05-07 08:00:00+00:00,63686.93,0.0,-0.0003,-19.106078999999998
2024-05-06 08:00:00+00:00,weekday,monday,otm_put,56000.0,P,long,0.0001,2024-05-07 08:00:00+00:00,1,2024-05-07 08:00:00+00:00,63686.93,0.0,-0.0001,-6.368693
2024-05-15 08:00:00+00:00,weekday,wednesday,otm_put,55000.0,P,long,0.0001,2024-05-16 08:00:00+00:00,1,2024-05-16 08:00:00+00:00,66178.36,0.0,-0.0001,-6.6178360000000005
2024-05-15 08:00:00+00:00,weekday,wednesday,otm_call,70000.0,C,long,0.0001,2024-05-16 08:00:00+00:00,1,2024-05-16 08:00:00+00:00,66178.36,0.0,-0.0001,-6.6178360000000005
2024-05-15 08:00:00+00:00,weekday,wednesday,atm_call,62000.0,C,short,0.0145,2024-05-16 08:00:00+00:00,1,2024-05-16 08:00:00+00:00,66178.36,0.06313785956617844,-0.04863785956617844,-3218.773780000001
2024-05-15 08:00:00+00:00,weekday,wednesday,atm_put,62000.0,P,short,0.0115,2024-05-16 08:00:00+00:00,1,2024-05-16 08:00:00+00:00,66178.36,0.0,0.0115,761.05114
2024-05-23 08:00:00+00:00,weekday,thursday,atm_call,69500.0,C,short,0.014,2024-05-24 08:00:00+00:00,1,2024-05-24 08:00:00+00:00,67148.54,0.0,0.014,940.0795599999999
2024-05-23 08:00:00+00:00,weekday,thursday,atm_put,69500.0,P,short,0.0095,2024-05-24 08:00:00+00:00,1,2024-05-24 08:00:00+00:00,67148.54,0.03501878075085484,-0.02551878075085484,-1713.5488700000062
2024-05-23 08:00:00+00:00,weekday,thursday,otm_call,78000.0,C,long,0.0001,2024-05-24 08:00:00+00:00,1,2024-05-24 08:00:00+00:00,67148.54,0.0,-0.0001,-6.714854
2024-05-23 08:00:00+00:00,weekday,thursday,otm_put,58000.0,P,long,0.0001,2024-05-24 08:00:00+00:00,1,2024-05-24 08:00:00+00:00,67148.54,0.0,-0.0001,-6.714854
2024-05-30 08:00:00+00:00,weekday,thursday,atm_call,67500.0,C,short,0.008,2024-05-31 08:00:00+00:00,1,2024-05-31 08:00:00+00:00,68172.43,0.009863664827555555,-0.0018636648275555546,-127.0505599999931
2024-05-30 08:00:00+00:00,weekday,thursday,atm_put,67500.0,P,short,0.012,2024-05-31 08:00:00+00:00,1,2024-05-31 08:00:00+00:00,68172.43,0.0,0.012,818.0691599999999
2024-05-30 08:00:00+00:00,weekday,thursday,otm_call,75000.0,C,long,0.0001,2024-05-31 08:00:00+00:00,1,2024-05-31 08:00:00+00:00,68172.43,0.0,-0.0001,-6.8172429999999995
2024-05-30 08:00:00+00:00,weekday,thursday,otm_put,60000.0,P,long,0.0002,2024-05-31 08:00:00+00:00,1,2024-05-31 08:00:00+00:00,68172.43,0.0,-0.0002,-13.634485999999999
2024-06-07 08:00:00+00:00,weekday,friday,otm_put,66000.0,P,long,0.0003,2024-06-08 08:00:00+00:00,1,2024-06-08 08:00:00+00:00,69546.57,0.0,-0.0003,-20.863971
2024-06-07 08:00:00+00:00,weekday,friday,otm_call,77000.0,C,long,0.0002,2024-06-08 08:00:00+00:00,1,2024-06-08 08:00:00+00:00,69546.57,0.0,-0.0002,-13.909314000000002
2024-06-07 08:00:00+00:00,weekday,friday,atm_put,71000.0,P,short,0.0095,2024-06-08 08:00:00+00:00,1,2024-06-08 08:00:00+00:00,69546.57,0.020898658265964702,-0.011398658265964702,-792.7375849999929
2024-06-07 08:00:00+00:00,weekday,friday,atm_call,71000.0,C,short,0.011,2024-06-08 08:00:00+00:00,1,2024-06-08 08:00:00+00:00,69546.57,0.0,0.011,765.0122700000001
2024-06-12 08:00:00+00:00,weekday,wednesday,atm_call,67500.0,C,short,0.013,2024-06-13 08:00:00+00:00,1,2024-06-13 08:00:00+00:00,67718.97,0.0032335104919640856,0.009766489508035913,661.3766099999988
2024-06-12 08:00:00+00:00,weekday,wednesday,atm_put,67500.0,P,short,0.013,2024-06-13 08:00:00+00:00,1,2024-06-13 08:00:00+00:00,67718.97,0.0,0.013,880.3466099999999
2024-06-12 08:00:00+00:00,weekday,wednesday,otm_call,75000.0,C,long,0.0001,2024-06-13 08:00:00+00:00,1,2024-06-13 08:00:00+00:00,67718.97,0.0,-0.0001,-6.771897
2024-06-12 08:00:00+00:00,weekday,wednesday,otm_put,61000.0,P,long,0.0002,2024-06-13 08:00:00+00:00,1,2024-06-13 08:00:00+00:00,67718.97,0.0,-0.0002,-13.543794
2024-06-27 08:00:00+00:00,weekday,thursday,atm_call,61000.0,C,short,0.007,2024-06-28 08:00:00+00:00,1,2024-06-28 08:00:00+00:00,61262.94,0.004291991210346783,0.0027080087896532174,165.9005799999977
2024-06-27 08:00:00+00:00,weekday,thursday,atm_put,61000.0,P,short,0.0105,2024-06-28 08:00:00+00:00,1,2024-06-28 08:00:00+00:00,61262.94,0.0,0.0105,643.2608700000001
2024-06-27 08:00:00+00:00,weekday,thursday,otm_call,70000.0,C,long,0.0001,2024-06-28 08:00:00+00:00,1,2024-06-28 08:00:00+00:00,61262.94,0.0,-0.0001,-6.126294000000001
2024-06-27 08:00:00+00:00,weekday,thursday,otm_put,53000.0,P,long,0.0001,2024-06-28 08:00:00+00:00,1,2024-06-28 08:00:00+00:00,61262.94,0.0,-0.0001,-6.126294000000001
2024-07-11 08:00:00+00:00,weekday,thursday,otm_call,65000.0,C,long,0.0001,2024-07-12 08:00:00+00:00,1,2024-07-12 08:00:00+00:00,57114.39,0.0,-0.0001,-5.711439
2024-07-11 08:00:00+00:00,weekday,thursday,otm_put,50000.0,P,long,0.0001,2024-07-12 08:00:00+00:00,1,2024-07-12 08:00:00+00:00,57114.39,0.0,-0.0001,-5.711439
2024-07-11 08:00:00+00:00,weekday,thursday,atm_call,58000.0,C,short,0.0145,2024-07-12 08:00:00+00:00,1,2024-07-12 08:00:00+00:00,57114.39,0.0,0.0145,828.1586550000001
2024-07-11 08:00:00+00:00,weekday,thursday,atm_put,58000.0,P,short,0.009,2024-07-12 08:00:00+00:00,1,2024-07-12 08:00:00+00:00,57114.39,0.015505899651558925,-0.006505899651558926,-371.58049000000057
2024-07-23 08:00:00+00:00,weekday,tuesday,atm_call,66500.0,C,short,0.0135,2024-07-24 08:00:00+00:00,1,2024-07-24 08:00:00+00:00,66076.96,0.0,0.0135,892.0389600000001
2024-07-23 08:00:00+00:00,weekday,tuesday,atm_put,66500.0,P,short,0.0115,2024-07-24 08:00:00+00:00,1,2024-07-24 08:00:00+00:00,66076.96,0.0064022315796609525,0.005097768420339047,336.84504000000646
2024-07-23 08:00:00+00:00,weekday,tuesday,otm_call,73000.0,C,long,0.0002,2024-07-24 08:00:00+00:00,1,2024-07-24 08:00:00+00:00,66076.96,0.0,-0.0002,-13.215392000000001
2024-07-23 08:00:00+00:00,weekday,tuesday,otm_put,61000.0,P,long,0.0002,2024-07-24 08:00:00+00:00,1,2024-07-24 08:00:00+00:00,66076.96,0.0,-0.0002,-13.215392000000001
2024-07-27 08:00:00+00:00,weekend,saturday,atm_call,68000.0,C,short,0.0195,2024-07-28 08:00:00+00:00,1,2024-07-28 08:00:00+00:00,67558.51,0.0,0.0195,1317.3909449999999
2024-07-27 08:00:00+00:00,weekend,saturday,atm_put,68000.0,P,short,0.017,2024-07-28 08:00:00+00:00,1,2024-07-28 08:00:00+00:00,67558.51,0.006534928020171038,0.010465071979828964,707.0046699999948
2024-07-27 08:00:00+00:00,weekend,saturday,otm_call,77000.0,C,long,0.0003,2024-07-28 08:00:00+00:00,1,2024-07-28 08:00:00+00:00,67558.51,0.0,-0.0003,-20.267552999999996
2024-07-27 08:00:00+00:00,weekend,saturday,otm_put,58000.0,P,long,0.0001,2024-07-28 08:00:00+00:00,1,2024-07-28 08:00:00+00:00,67558.51,0.0,-0.0001,-6.755851
2024-08-23 08:00:00+00:00,weekday,friday,otm_call,66000.0,C,long,0.0002,2024-08-24 08:00:00+00:00,1,2024-08-24 08:00:00+00:00,64344.92,0.0,-0.0002,-12.868984000000001
2024-08-23 08:00:00+00:00,weekday,friday,atm_call,61000.0,C,short,0.0135,2024-08-24 08:00:00+00:00,1,2024-08-24 08:00:00+00:00,64344.92,0.05198421258430344,-0.03848421258430344,-2476.263579999998
2024-08-23 08:00:00+00:00,weekday,friday,atm_put,61000.0,P,short,0.0085,2024-08-24 08:00:00+00:00,1,2024-08-24 08:00:00+00:00,64344.92,0.0,0.0085,546.93182
2024-08-23 08:00:00+00:00,weekday,friday,otm_put,56500.0,P,long,0.0002,2024-08-24 08:00:00+00:00,1,2024-08-24 08:00:00+00:00,64344.92,0.0,-0.0002,-12.868984000000001
2024-08-26 08:00:00+00:00,weekday,monday,otm_put,57000.0,P,long,0.0001,2024-08-27 08:00:00+00:00,1,2024-08-27 08:00:00+00:00,62908.13,0.0,-0.0001,-6.290813
2024-08-26 08:00:00+00:00,weekday,monday,otm_call,68500.0,C,long,0.0001,2024-08-27 08:00:00+00:00,1,2024-08-27 08:00:00+00:00,62908.13,0.0,-0.0001,-6.290813
2024-08-26 08:00:00+00:00,weekday,monday,atm_put,63500.0,P,short,0.0063,2024-08-27 08:00:00+00:00,1,2024-08-27 08:00:00+00:00,62908.13,0.009408481860770661,-0.003108481860770661,-195.54878100000263
2024-08-26 08:00:00+00:00,weekday,monday,atm_call,64000.0,C,short,0.0075,2024-08-27 08:00:00+00:00,1,2024-08-27 08:00:00+00:00,62908.13,0.0,0.0075,471.810975
2024-08-27 08:00:00+00:00,weekday,tuesday,atm_call,63000.0,C,short,0.007,2024-08-28 08:00:00+00:00,1,2024-08-28 08:00:00+00:00,58609.07,0.0,0.007,410.26349
2024-08-27 08:00:00+00:00,weekday,tuesday,atm_put,63000.0,P,short,0.0095,2024-08-28 08:00:00+00:00,1,2024-08-28 08:00:00+00:00,58609.07,0.07491895025804027,-0.06541895025804027,-3834.1438350000003
2024-08-27 08:00:00+00:00,weekday,tuesday,otm_call,67000.0,C,long,0.0001,2024-08-28 08:00:00+00:00,1,2024-08-28 08:00:00+00:00,58609.07,0.0,-0.0001,-5.860907
2024-08-27 08:00:00+00:00,weekday,tuesday,otm_put,57000.0,P,long,0.0001,2024-08-28 08:00:00+00:00,1,2024-08-28 08:00:00+00:00,58609.07,0.0,-0.0001,-5.860907
2024-09-03 08:00:00+00:00,weekday,tuesday,atm_call,59000.0,C,short,0.007,2024-09-04 08:00:00+00:00,1,2024-09-04 08:00:00+00:00,56735.75,0.0,0.007,397.15025
2024-09-03 08:00:00+00:00,weekday,tuesday,atm_put,59000.0,P,short,0.0075,2024-09-04 08:00:00+00:00,1,2024-09-04 08:00:00+00:00,56735.75,0.03990869954129451,-0.03240869954129451,-1838.731875
2024-09-03 08:00:00+00:00,weekday,tuesday,otm_call,63000.0,C,long,0.0001,2024-09-04 08:00:00+00:00,1,2024-09-04 08:00:00+00:00,56735.75,0.0,-0.0001,-5.6735750000000005
2024-09-03 08:00:00+00:00,weekday,tuesday,otm_put,51000.0,P,long,0.0001,2024-09-04 08:00:00+00:00,1,2024-09-04 08:00:00+00:00,56735.75,0.0,-0.0001,-5.6735750000000005
2024-09-06 08:00:00+00:00,weekday,friday,otm_call,61000.0,C,long,0.0001,2024-09-07 08:00:00+00:00,1,2024-09-07 08:00:00+00:00,54276.75,0.0,-0.0001,-5.427675000000001
2024-09-06 08:00:00+00:00,weekday,friday,otm_put,50000.0,P,long,0.0005,2024-09-07 08:00:00+00:00,1,2024-09-07 08:00:00+00:00,54276.75,0.0,-0.0005,-27.138375
2024-09-06 08:00:00+00:00,weekday,friday,atm_call,56000.0,C,short,0.011,2024-09-07 08:00:00+00:00,1,2024-09-07 08:00:00+00:00,54276.75,0.0,0.011,597.0442499999999
2024-09-06 08:00:00+00:00,weekday,friday,atm_put,56000.0,P,short,0.0155,2024-09-07 08:00:00+00:00,1,2024-09-07 08:00:00+00:00,54276.75,0.03174932176300165,-0.016249321763001652,-881.9603749999999
2024-09-10 08:00:00+00:00,weekday,tuesday,atm_call,57000.0,C,short,0.0174,2024-09-11 08:00:00+00:00,1,2024-09-11 08:00:00+00:00,56704.42,0.0,0.0174,986.6569079999999
2024-09-10 08:00:00+00:00,weekday,tuesday,atm_put,57000.0,P,short,0.0113,2024-09-11 08:00:00+00:00,1,2024-09-11 08:00:00+00:00,56704.42,0.005212644799117983,0.006087355200882016,345.1799459999982
2024-09-10 08:00:00+00:00,weekday,tuesday,otm_call,64000.0,C,long,0.0001,2024-09-11 08:00:00+00:00,1,2024-09-11 08:00:00+00:00,56704.42,0.0,-0.0001,-5.670442
2024-09-10 08:00:00+00:00,weekday,tuesday,otm_put,50000.0,P,long,0.0001,2024-09-11 08:00:00+00:00,1,2024-09-11 08:00:00+00:00,56704.42,0.0,-0.0001,-5.670442
2024-09-20 08:00:00+00:00,weekday,friday,atm_call,63500.0,C,short,0.009,2024-09-21 08:00:00+00:00,1,2024-09-21 08:00:00+00:00,63092.89,0.0,0.009,567.83601
2024-09-20 08:00:00+00:00,weekday,friday,atm_put,63500.0,P,short,0.0115,2024-09-21 08:00:00+00:00,1,2024-09-21 08:00:00+00:00,63092.89,0.006452549566203111,0.005047450433796889,318.45823499999943
2024-09-20 08:00:00+00:00,weekday,friday,otm_call,68000.0,C,long,0.0001,2024-09-21 08:00:00+00:00,1,2024-09-21 08:00:00+00:00,63092.89,0.0,-0.0001,-6.309289000000001
2024-09-20 08:00:00+00:00,weekday,friday,otm_put,59500.0,P,long,0.0004,2024-09-21 08:00:00+00:00,1,2024-09-21 08:00:00+00:00,63092.89,0.0,-0.0004,-25.237156000000002
2024-09-22 08:00:00+00:00,weekend,sunday,otm_put,57000.0,P,long,0.0001,2024-09-23 08:00:00+00:00,1,2024-09-23 08:00:00+00:00,63545.43,0.0,-0.0001,-6.3545430000000005
2024-09-22 08:00:00+00:00,weekend,sunday,atm_call,63000.0,C,short,0.0075,2024-09-23 08:00:00+00:00,1,2024-09-23 08:00:00+00:00,63545.43,0.00858330803647092,-0.0010833080364709199,-68.83927500000028
2024-09-22 08:00:00+00:00,weekend,sunday,atm_put,63000.0,P,short,0.009,2024-09-23 08:00:00+00:00,1,2024-09-23 08:00:00+00:00,63545.43,0.0,0.009,571.90887
2024-09-22 08:00:00+00:00,weekend,sunday,otm_call,67500.0,C,long,0.0001,2024-09-23 08:00:00+00:00,1,2024-09-23 08:00:00+00:00,63545.43,0.0,-0.0001,-6.3545430000000005
2024-09-24 08:00:00+00:00,weekday,tuesday,otm_put,58000.0,P,long,0.0001,2024-09-25 08:00:00+00:00,1,2024-09-25 08:00:00+00:00,63847.83,0.0,-0.0001,-6.3847830000000005
2024-09-24 08:00:00+00:00,weekday,tuesday,otm_call,69000.0,C,long,0.0001,2024-09-25 08:00:00+00:00,1,2024-09-25 08:00:00+00:00,63847.83,0.0,-0.0001,-6.3847830000000005
2024-09-24 08:00:00+00:00,weekday,tuesday,atm_call,63500.0,C,short,0.013,2024-09-25 08:00:00+00:00,1,2024-09-25 08:00:00+00:00,63847.83,0.005447796737962774,0.007552203262037226,482.19178999999826
2024-09-24 08:00:00+00:00,weekday,tuesday,atm_put,63500.0,P,short,0.0075,2024-09-25 08:00:00+00:00,1,2024-09-25 08:00:00+00:00,63847.83,0.0,0.0075,478.858725
2024-09-26 08:00:00+00:00,weekday,thursday,atm_call,64000.0,C,short,0.0075,2024-09-27 08:00:00+00:00,1,2024-09-27 08:00:00+00:00,65497.75,0.022867197728166234,-0.015367197728166235,-1006.516875
2024-09-26 08:00:00+00:00,weekday,thursday,atm_put,64000.0,P,short,0.01,2024-09-27 08:00:00+00:00,1,2024-09-27 08:00:00+00:00,65497.75,0.0,0.01,654.9775
2024-09-26 08:00:00+00:00,weekday,thursday,otm_call,72000.0,C,long,0.0002,2024-09-27 08:00:00+00:00,1,2024-09-27 08:00:00+00:00,65497.75,0.0,-0.0002,-13.09955
2024-09-26 08:00:00+00:00,weekday,thursday,otm_put,54000.0,P,long,0.0001,2024-09-27 08:00:00+00:00,1,2024-09-27 08:00:00+00:00,65497.75,0.0,-0.0001,-6.549775
2024-11-05 08:00:00+00:00,weekday,tuesday,atm_call,69000.0,C,short,0.019,2024-11-06 08:00:00+00:00,1,2024-11-06 08:00:00+00:00,73464.06,0.06076522315809932,-0.041765223158099316,-3068.2428599999976
2024-11-05 08:00:00+00:00,weekday,tuesday,atm_put,69000.0,P,short,0.0215,2024-11-06 08:00:00+00:00,1,2024-11-06 08:00:00+00:00,73464.06,0.0,0.0215,1579.4772899999998
2024-11-05 08:00:00+00:00,weekday,tuesday,otm_call,79000.0,C,long,0.0002,2024-11-06 08:00:00+00:00,1,2024-11-06 08:00:00+00:00,73464.06,0.0,-0.0002,-14.692812
2024-11-05 08:00:00+00:00,weekday,tuesday,otm_put,60000.0,P,long,0.0004,2024-11-06 08:00:00+00:00,1,2024-11-06 08:00:00+00:00,73464.06,0.0,-0.0004,-29.385624
2024-11-20 08:00:00+00:00,weekday,wednesday,otm_put,80000.0,P,long,0.0001,2024-11-21 08:00:00+00:00,1,2024-11-21 08:00:00+00:00,97157.74,0.0,-0.0001,-9.715774000000001
2024-11-20 08:00:00+00:00,weekday,wednesday,otm_call,102000.0,C,long,0.0003,2024-11-21 08:00:00+00:00,1,2024-11-21 08:00:00+00:00,97157.74,0.0,-0.0003,-29.147322
2024-11-20 08:00:00+00:00,weekday,wednesday,atm_call,93500.0,C,short,0.012,2024-11-21 08:00:00+00:00,1,2024-11-21 08:00:00+00:00,97157.74,0.03764743807338463,-0.02564743807338463,-2491.847120000005
2024-11-20 08:00:00+00:00,weekday,wednesday,atm_put,93500.0,P,short,0.012,2024-11-21 08:00:00+00:00,1,2024-11-21 08:00:00+00:00,97157.74,0.0,0.012,1165.89288
2024-11-21 08:00:00+00:00,weekday,thursday,atm_call,97000.0,C,short,0.0165,2024-11-22 08:00:00+00:00,1,2024-11-22 08:00:00+00:00,98911.75,0.019327835166196128,-0.002827835166196127,-279.70612499999976
2024-11-21 08:00:00+00:00,weekday,thursday,atm_put,97000.0,P,short,0.01,2024-11-22 08:00:00+00:00,1,2024-11-22 08:00:00+00:00,98911.75,0.0,0.01,989.1175000000001
2024-11-21 08:00:00+00:00,weekday,thursday,otm_call,110000.0,C,long,0.0001,2024-11-22 08:00:00+00:00,1,2024-11-22 08:00:00+00:00,98911.75,0.0,-0.0001,-9.891175
2024-11-21 08:00:00+00:00,weekday,thursday,otm_put,82000.0,P,long,0.0001,2024-11-22 08:00:00+00:00,1,2024-11-22 08:00:00+00:00,98911.75,0.0,-0.0001,-9.891175
2024-11-22 08:00:00+00:00,weekday,friday,atm_call,99000.0,C,short,0.013,2024-11-23 08:00:00+00:00,1,2024-11-23 08:00:00+00:00,98585.09,0.0,0.013,1281.6061699999998
2024-11-22 08:00:00+00:00,weekday,friday,atm_put,99000.0,P,short,0.013,2024-11-23 08:00:00+00:00,1,2024-11-23 08:00:00+00:00,98585.09,0.004208648589761429,0.008791351410238572,866.6961699999965
2024-11-22 08:00:00+00:00,weekday,friday,otm_call,112000.0,C,long,0.0001,2024-11-23 08:00:00+00:00,1,2024-11-23 08:00:00+00:00,98585.09,0.0,-0.0001,-9.858509
2024-11-22 08:00:00+00:00,weekday,friday,otm_put,86000.0,P,long,0.0002,2024-11-23 08:00:00+00:00,1,2024-11-23 08:00:00+00:00,98585.09,0.0,-0.0002,-19.717018
2024-11-28 08:00:00+00:00,weekday,thursday,otm_call,106000.0,C,long,0.0001,2024-11-29 08:00:00+00:00,1,2024-11-29 08:00:00+00:00,95994.99,0.0,-0.0001,-9.599499000000002
2024-11-28 08:00:00+00:00,weekday,thursday,atm_call,95000.0,C,short,0.0115,2024-11-29 08:00:00+00:00,1,2024-11-29 08:00:00+00:00,95994.99,0.010365020091152729,0.0011349799088472712,108.95238499999472
2024-11-28 08:00:00+00:00,weekday,thursday,atm_put,95000.0,P,short,0.0095,2024-11-29 08:00:00+00:00,1,2024-11-29 08:00:00+00:00,95994.99,0.0,0.0095,911.952405
2024-11-28 08:00:00+00:00,weekday,thursday,otm_put,82000.0,P,long,0.0001,2024-11-29 08:00:00+00:00,1,2024-11-29 08:00:00+00:00,95994.99,0.0,-0.0001,-9.599499000000002
2024-12-26 08:00:00+00:00,weekday,thursday,otm_put,84000.0,P,long,0.0002,2024-12-27 08:00:00+00:00,1,2024-12-27 08:00:00+00:00,95591.5,0.0,-0.0002,-19.1183
2024-12-26 08:00:00+00:00,weekday,thursday,otm_call,110000.0,C,long,0.0001,2024-12-27 08:00:00+00:00,1,2024-12-27 08:00:00+00:00,95591.5,0.0,-0.0001,-9.55915
2024-12-26 08:00:00+00:00,weekday,thursday,atm_put,96000.0,P,short,0.0125,2024-12-27 08:00:00+00:00,1,2024-12-27 08:00:00+00:00,95591.5,0.0042733925087481625,0.008226607491251838,786.3937500000001
2024-12-26 08:00:00+00:00,weekday,thursday,atm_call,96000.0,C,short,0.011,2024-12-27 08:00:00+00:00,1,2024-12-27 08:00:00+00:00,95591.5,0.0,0.011,1051.5065
2024-12-27 08:00:00+00:00,weekday,friday,atm_call,96000.0,C,short,0.017,2024-12-28 08:00:00+00:00,1,2024-12-28 08:00:00+00:00,94330.72,0.0,0.017,1603.6222400000001
2024-12-27 08:00:00+00:00,weekday,friday,atm_put,95500.0,P,short,0.0065,2024-12-28 08:00:00+00:00,1,2024-12-28 08:00:00+00:00,94330.72,0.012395537742105634,-0.005895537742105634,-556.1303199999987
2024-12-27 08:00:00+00:00,weekday,friday,otm_call,105000.0,C,long,0.0002,2024-12-28 08:00:00+00:00,1,2024-12-28 08:00:00+00:00,94330.72,0.0,-0.0002,-18.866144000000002
2024-12-27 08:00:00+00:00,weekday,friday,otm_put,86000.0,P,long,0.0001,2024-12-28 08:00:00+00:00,1,2024-12-28 08:00:00+00:00,94330.72,0.0,-0.0001,-9.433072000000001
2024-12-29 08:00:00+00:00,weekend,sunday,atm_call,95000.0,C,short,0.0085,2024-12-30 08:00:00+00:00,1,2024-12-30 08:00:00+00:00,93666.08,0.0,0.0085,796.16168
2024-12-29 08:00:00+00:00,weekend,sunday,atm_put,95000.0,P,short,0.0065,2024-12-30 08:00:00+00:00,1,2024-12-30 08:00:00+00:00,93666.08,0.014241227987762466,-0.007741227987762466,-725.0904799999983
2024-12-29 08:00:00+00:00,weekend,sunday,otm_call,102000.0,C,long,0.0001,2024-12-30 08:00:00+00:00,1,2024-12-30 08:00:00+00:00,93666.08,0.0,-0.0001,-9.366608000000001
2024-12-29 08:00:00+00:00,weekend,sunday,otm_put,90000.0,P,long,0.0002,2024-12-30 08:00:00+00:00,1,2024-12-30 08:00:00+00:00,93666.08,0.0,-0.0002,-18.733216000000002
2024-12-30 08:00:00+00:00,weekday,monday,atm_call,93500.0,C,short,0.011,2024-12-31 08:00:00+00:00,1,2024-12-31 08:00:00+00:00,93779.64,0.002981883914248332,0.008018116085751668,751.9360400000006
2024-12-30 08:00:00+00:00,weekday,monday,atm_put,93500.0,P,short,0.009,2024-12-31 08:00:00+00:00,1,2024-12-31 08:00:00+00:00,93779.64,0.0,0.009,844.01676
2024-12-30 08:00:00+00:00,weekday,monday,otm_call,102000.0,C,long,0.0001,2024-12-31 08:00:00+00:00,1,2024-12-31 08:00:00+00:00,93779.64,0.0,-0.0001,-9.377964
2024-12-30 08:00:00+00:00,weekday,monday,otm_put,84000.0,P,long,0.0001,2024-12-31 08:00:00+00:00,1,2024-12-31 08:00:00+00:00,93779.64,0.0,-0.0001,-9.377964
2025-01-02 08:00:00+00:00,weekday,thursday,otm_put,85000.0,P,long,0.0001,2025-01-03 08:00:00+00:00,1,2025-01-03 08:00:00+00:00,96044.07,0.0,-0.0001,-9.604407000000002
2025-01-02 08:00:00+00:00,weekday,thursday,otm_call,109000.0,C,long,0.0001,2025-01-03 08:00:00+00:00,1,2025-01-03 08:00:00+00:00,96044.07,0.0,-0.0001,-9.604407000000002
2025-01-02 08:00:00+00:00,weekday,thursday,atm_call,96000.0,C,short,0.0128,2025-01-03 08:00:00+00:00,1,2025-01-03 08:00:00+00:00,96044.07,0.0004588518583188632,0.012341148141681137,1185.294095999993
2025-01-02 08:00:00+00:00,weekday,thursday,atm_put,96000.0,P,short,0.009,2025-01-03 08:00:00+00:00,1,2025-01-03 08:00:00+00:00,96044.07,0.0,0.009,864.39663
2025-01-06 08:00:00+00:00,weekday,monday,atm_call,99000.0,C,short,0.01,2025-01-07 08:00:00+00:00,1,2025-01-07 08:00:00+00:00,101895.42,0.028415604940830494,-0.018415604940830492,-1876.4657999999981
2025-01-06 08:00:00+00:00,weekday,monday,atm_put,99000.0,P,short,0.0075,2025-01-07 08:00:00+00:00,1,2025-01-07 08:00:00+00:00,101895.42,0.0,0.0075,764.21565
2025-01-06 08:00:00+00:00,weekday,monday,otm_call,106000.0,C,long,0.0001,2025-01-07 08:00:00+00:00,1,2025-01-07 08:00:00+00:00,101895.42,0.0,-0.0001,-10.189542
2025-01-06 08:00:00+00:00,weekday,monday,otm_put,92000.0,P,long,0.0002,2025-01-07 08:00:00+00:00,1,2025-01-07 08:00:00+00:00,101895.42,0.0,-0.0002,-20.379084
2025-01-15 08:00:00+00:00,weekday,wednesday,atm_call,97000.0,C,short,0.0145,2025-01-16 08:00:00+00:00,1,2025-01-16 08:00:00+00:00,98930.94,0.019518059769774776,-0.005018059769774775,-496.4413700000021
2025-01-15 08:00:00+00:00,weekday,wednesday,atm_put,97000.0,P,short,0.0105,2025-01-16 08:00:00+00:00,1,2025-01-16 08:00:00+00:00,98930.94,0.0,0.0105,1038.7748700000002
2025-01-15 08:00:00+00:00,weekday,wednesday,otm_call,106000.0,C,long,0.0002,2025-01-16 08:00:00+00:00,1,2025-01-16 08:00:00+00:00,98930.94,0.0,-0.0002,-19.786188000000003
2025-01-15 08:00:00+00:00,weekday,wednesday,otm_put,82000.0,P,long,0.0001,2025-01-16 08:00:00+00:00,1,2025-01-16 08:00:00+00:00,98930.94,0.0,-0.0001,-9.893094000000001
2025-01-29 08:00:00+00:00,weekday,wednesday,otm_put,88000.0,P,long,0.0001,2025-01-30 08:00:00+00:00,1,2025-01-30 08:00:00+00:00,105059.13,0.0,-0.0001,-10.505913000000001
2025-01-29 08:00:00+00:00,weekday,wednesday,otm_call,114000.0,C,long,0.0001,2025-01-30 08:00:00+00:00,1,2025-01-30 08:00:00+00:00,105059.13,0.0,-0.0001,-10.505913000000001
2025-01-29 08:00:00+00:00,weekday,wednesday,atm_put,102500.0,P,short,0.0105,2025-01-30 08:00:00+00:00,1,2025-01-30 08:00:00+00:00,105059.13,0.0,0.0105,1103.120865
2025-01-29 08:00:00+00:00,weekday,wednesday,atm_call,102500.0,C,short,0.0135,2025-01-30 08:00:00+00:00,1,2025-01-30 08:00:00+00:00,105059.13,0.024358949098474397,-0.010858949098474397,-1140.8317450000045
2025-02-11 08:00:00+00:00,weekday,tuesday,atm_call,98500.0,C,short,0.0075,2025-02-12 08:00:00+00:00,1,2025-02-12 08:00:00+00:00,96352.03,0.0,0.0075,722.640225
2025-02-11 08:00:00+00:00,weekday,tuesday,atm_put,98500.0,P,short,0.011,2025-02-12 08:00:00+00:00,1,2025-02-12 08:00:00+00:00,96352.03,0.02229293975435703,-0.01129293975435703,-1088.0976700000012
2025-02-11 08:00:00+00:00,weekday,tuesday,otm_call,106000.0,C,long,0.0001,2025-02-12 08:00:00+00:00,1,2025-02-12 08:00:00+00:00,96352.03,0.0,-0.0001,-9.635203
2025-02-11 08:00:00+00:00,weekday,tuesday,otm_put,86000.0,P,long,0.0001,2025-02-12 08:00:00+00:00,1,2025-02-12 08:00:00+00:00,96352.03,0.0,-0.0001,-9.635203
2025-03-28 08:00:00+00:00,weekday,friday,atm_call,85000.0,C,short,0.0115,2025-03-29 08:00:00+00:00,1,2025-03-29 08:00:00+00:00,83893.3,0.0,0.0115,964.77295
2025-03-28 08:00:00+00:00,weekday,friday,atm_put,85000.0,P,short,0.01,2025-03-29 08:00:00+00:00,1,2025-03-29 08:00:00+00:00,83893.3,0.013191756671867682,-0.0031917566718676817,-267.766999999997
2025-03-28 08:00:00+00:00,weekday,friday,otm_call,90000.0,C,long,0.0003,2025-03-29 08:00:00+00:00,1,2025-03-29 08:00:00+00:00,83893.3,0.0,-0.0003,-25.16799
2025-03-28 08:00:00+00:00,weekday,friday,otm_put,78000.0,P,long,0.0004,2025-03-29 08:00:00+00:00,1,2025-03-29 08:00:00+00:00,83893.3,0.0,-0.0004,-33.557320000000004
2025-03-31 08:00:00+00:00,weekday,monday,otm_call,88000.0,C,long,0.0001,2025-04-01 08:00:00+00:00,1,2025-04-01 08:00:00+00:00,83447.04,0.0,-0.0001,-8.344704
2025-03-31 08:00:00+00:00,weekday,monday,otm_put,74000.0,P,long,0.0003,2025-04-01 08:00:00+00:00,1,2025-04-01 08:00:00+00:00,83447.04,0.0,-0.0003,-25.034111999999997
2025-03-31 08:00:00+00:00,weekday,monday,atm_call,82000.0,C,short,0.009,2025-04-01 08:00:00+00:00,1,2025-04-01 08:00:00+00:00,83447.04,0.017340818799564294,-0.008340818799564295,-696.0166399999937
2025-03-31 08:00:00+00:00,weekday,monday,atm_put,82000.0,P,short,0.01,2025-04-01 08:00:00+00:00,1,2025-04-01 08:00:00+00:00,83447.04,0.0,0.01,834.4703999999999
2025-04-02 08:00:00+00:00,weekday,wednesday,atm_call,84500.0,C,short,0.0115,2025-04-03 08:00:00+00:00,1,2025-04-03 08:00:00+00:00,83453.2,0.0,0.0115,959.7117999999999
2025-04-02 08:00:00+00:00,weekday,wednesday,atm_put,84500.0,P,short,0.01,2025-04-03 08:00:00+00:00,1,2025-04-03 08:00:00+00:00,83453.2,0.012543557347111949,-0.0025435573471119487,-212.26800000000287
2025-04-02 08:00:00+00:00,weekday,wednesday,otm_call,94000.0,C,long,0.0001,2025-04-03 08:00:00+00:00,1,2025-04-03 08:00:00+00:00,83453.2,0.0,-0.0001,-8.345320000000001
2025-04-02 08:00:00+00:00,weekday,wednesday,otm_put,72000.0,P,long,0.0001,2025-04-03 08:00:00+00:00,1,2025-04-03 08:00:00+00:00,83453.2,0.0,-0.0001,-8.345320000000001
2025-05-23 08:00:00+00:00,weekday,friday,atm_call,111000.0,C,short,0.0085,2025-05-24 08:00:00+00:00,1,2025-05-24 08:00:00+00:00,107619.15,0.0,0.0085,914.762775
2025-05-23 08:00:00+00:00,weekday,friday,atm_put,110500.0,P,short,0.005,2025-05-24 08:00:00+00:00,1,2025-05-24 08:00:00+00:00,107619.15,0.026768934710969246,-0.021768934710969245,-2342.754250000006
2025-05-23 08:00:00+00:00,weekday,friday,otm_call,116000.0,C,long,0.0005,2025-05-24 08:00:00+00:00,1,2025-05-24 08:00:00+00:00,107619.15,0.0,-0.0005,-53.809574999999995
2025-05-23 08:00:00+00:00,weekday,friday,otm_put,103000.0,P,long,0.0001,2025-05-24 08:00:00+00:00,1,2025-05-24 08:00:00+00:00,107619.15,0.0,-0.0001,-10.761915
2025-05-27 08:00:00+00:00,weekday,tuesday,otm_put,98000.0,P,long,0.0001,2025-05-28 08:00:00+00:00,1,2025-05-28 08:00:00+00:00,108869.58,0.0,-0.0001,-10.886958
2025-05-27 08:00:00+00:00,weekday,tuesday,atm_call,109500.0,C,short,0.011,2025-05-28 08:00:00+00:00,1,2025-05-28 08:00:00+00:00,108869.58,0.0,0.011,1197.56538
2025-05-27 08:00:00+00:00,weekday,tuesday,atm_put,109500.0,P,short,0.0085,2025-05-28 08:00:00+00:00,1,2025-05-28 08:00:00+00:00,108869.58,0.005790598255270189,0.002709401744729812,294.9714300000018
2025-05-27 08:00:00+00:00,weekday,tuesday,otm_call,116000.0,C,long,0.0002,2025-05-28 08:00:00+00:00,1,2025-05-28 08:00:00+00:00,108869.58,0.0,-0.0002,-21.773916
2025-06-02 08:00:00+00:00,weekday,monday,otm_call,110000.0,C,long,0.0001,2025-06-03 08:00:00+00:00,1,2025-06-03 08:00:00+00:00,105233.05,0.0,-0.0001,-10.523305
2025-06-02 08:00:00+00:00,weekday,monday,otm_put,99000.0,P,long,0.0001,2025-06-03 08:00:00+00:00,1,2025-06-03 08:00:00+00:00,105233.05,0.0,-0.0001,-10.523305
2025-06-02 08:00:00+00:00,weekday,monday,atm_call,105500.0,C,short,0.0075,2025-06-03 08:00:00+00:00,1,2025-06-03 08:00:00+00:00,105233.05,0.0,0.0075,789.247875
2025-06-02 08:00:00+00:00,weekday,monday,atm_put,105500.0,P,short,0.006,2025-06-03 08:00:00+00:00,1,2025-06-03 08:00:00+00:00,105233.05,0.0025367505740829244,0.0034632494259170758,364.4483000000029
2025-06-09 08:00:00+00:00,weekday,monday,atm_call,106000.0,C,short,0.0065,2025-06-10 08:00:00+00:00,1,2025-06-10 08:00:00+00:00,109268.31,0.02991086802751866,-0.023410868027518662,-2558.0659849999975
2025-06-09 08:00:00+00:00,weekday,monday,atm_put,106000.0,P,short,0.007,2025-06-10 08:00:00+00:00,1,2025-06-10 08:00:00+00:00,109268.31,0.0,0.007,764.87817
2025-06-09 08:00:00+00:00,weekday,monday,otm_call,112000.0,C,long,0.0001,2025-06-10 08:00:00+00:00,1,2025-06-10 08:00:00+00:00,109268.31,0.0,-0.0001,-10.926831
2025-06-09 08:00:00+00:00,weekday,monday,otm_put,102000.0,P,long,0.0002,2025-06-10 08:00:00+00:00,1,2025-06-10 08:00:00+00:00,109268.31,0.0,-0.0002,-21.853662
2025-06-12 08:00:00+00:00,weekday,thursday,atm_call,107500.0,C,short,0.0075,2025-06-13 08:00:00+00:00,1,2025-06-13 08:00:00+00:00,104946.46,0.0,0.0075,787.0984500000001
2025-06-12 08:00:00+00:00,weekday,thursday,atm_put,107500.0,P,short,0.007,2025-06-13 08:00:00+00:00,1,2025-06-13 08:00:00+00:00,104946.46,0.02433183549021085,-0.01733183549021085,-1818.9147799999937
2025-06-12 08:00:00+00:00,weekday,thursday,otm_call,118000.0,C,long,0.0001,2025-06-13 08:00:00+00:00,1,2025-06-13 08:00:00+00:00,104946.46,0.0,-0.0001,-10.494646000000001
2025-06-12 08:00:00+00:00,weekday,thursday,otm_put,95000.0,P,long,0.0001,2025-06-13 08:00:00+00:00,1,2025-06-13 08:00:00+00:00,104946.46,0.0,-0.0001,-10.494646000000001
2025-06-20 08:00:00+00:00,weekday,friday,atm_call,106000.0,C,short,0.0085,2025-06-21 08:00:00+00:00,1,2025-06-21 08:00:00+00:00,103475.28,0.0,0.0085,879.53988
2025-06-20 08:00:00+00:00,weekday,friday,atm_put,106000.0,P,short,0.0075,2025-06-21 08:00:00+00:00,1,2025-06-21 08:00:00+00:00,103475.28,0.024399257484492926,-0.016899257484492926,-1748.6554000000012
2025-06-20 08:00:00+00:00,weekday,friday,otm_call,120000.0,C,long,0.0001,2025-06-21 08:00:00+00:00,1,2025-06-21 08:00:00+00:00,103475.28,0.0,-0.0001,-10.347528
2025-06-20 08:00:00+00:00,weekday,friday,otm_put,101000.0,P,long,0.0002,2025-06-21 08:00:00+00:00,1,2025-06-21 08:00:00+00:00,103475.28,0.0,-0.0002,-20.695056
2025-07-06 08:00:00+00:00,weekend,sunday,otm_put,100000.0,P,long,0.0001,2025-07-07 08:00:00+00:00,1,2025-07-07 08:00:00+00:00,109087.74,0.0,-0.0001,-10.908774000000001
2025-07-06 08:00:00+00:00,weekend,sunday,otm_call,116000.0,C,long,0.0001,2025-07-07 08:00:00+00:00,1,2025-07-07 08:00:00+00:00,109087.74,0.0,-0.0001,-10.908774000000001
2025-07-06 08:00:00+00:00,weekend,sunday,atm_call,108000.0,C,short,0.005,2025-07-07 08:00:00+00:00,1,2025-07-07 08:00:00+00:00,109087.74,0.009971239664512301,-0.004971239664512301,-542.3013000000051
2025-07-06 08:00:00+00:00,weekend,sunday,atm_put,108000.0,P,short,0.0043,2025-07-07 08:00:00+00:00,1,2025-07-07 08:00:00+00:00,109087.74,0.0,0.0043,469.077282
2025-07-18 08:00:00+00:00,weekday,friday,atm_call,119500.0,C,short,0.0049,2025-07-19 08:00:00+00:00,1,2025-07-19 08:00:00+00:00,118264.24,0.0,0.0049,579.494776
2025-07-18 08:00:00+00:00,weekday,friday,atm_put,119500.0,P,short,0.011,2025-07-19 08:00:00+00:00,1,2025-07-19 08:00:00+00:00,118264.24,0.010449143375884332,0.0005508566241156677,65.14664000000512
2025-07-18 08:00:00+00:00,weekday,friday,otm_call,130000.0,C,long,0.0001,2025-07-19 08:00:00+00:00,1,2025-07-19 08:00:00+00:00,118264.24,0.0,-0.0001,-11.826424000000001
2025-07-18 08:00:00+00:00,weekday,friday,otm_put,104000.0,P,long,0.0002,2025-07-19 08:00:00+00:00,1,2025-07-19 08:00:00+00:00,118264.24,0.0,-0.0002,-23.652848000000002
2025-07-30 08:00:00+00:00,weekday,wednesday,otm_put,106000.0,P,long,0.0001,2025-07-31 08:00:00+00:00,1,2025-07-31 08:00:00+00:00,118677.41,0.0,-0.0001,-11.867741
2025-07-30 08:00:00+00:00,weekday,wednesday,atm_call,118000.0,C,short,0.0075,2025-07-31 08:00:00+00:00,1,2025-07-31 08:00:00+00:00,118677.41,0.005707994470051238,0.0017920055299487621,212.67057499999652
2025-07-30 08:00:00+00:00,weekday,wednesday,atm_put,118000.0,P,short,0.007,2025-07-31 08:00:00+00:00,1,2025-07-31 08:00:00+00:00,118677.41,0.0,0.007,830.7418700000001
2025-07-30 08:00:00+00:00,weekday,wednesday,otm_call,126000.0,C,long,0.0001,2025-07-31 08:00:00+00:00,1,2025-07-31 08:00:00+00:00,118677.41,0.0,-0.0001,-11.867741
2025-08-01 08:00:00+00:00,weekday,friday,otm_put,104000.0,P,long,0.0002,2025-08-02 08:00:00+00:00,1,2025-08-02 08:00:00+00:00,113942.01,0.0,-0.0002,-22.788402
2025-08-01 08:00:00+00:00,weekday,friday,otm_call,122000.0,C,long,0.0001,2025-08-02 08:00:00+00:00,1,2025-08-02 08:00:00+00:00,113942.01,0.0,-0.0001,-11.394201
2025-08-01 08:00:00+00:00,weekday,friday,atm_put,115000.0,P,short,0.0085,2025-08-02 08:00:00+00:00,1,2025-08-02 08:00:00+00:00,113942.01,0.009285337339581822,-0.0007853373395818215,-89.4829150000053
2025-08-01 08:00:00+00:00,weekday,friday,atm_call,115000.0,C,short,0.0065,2025-08-02 08:00:00+00:00,1,2025-08-02 08:00:00+00:00,113942.01,0.0,0.0065,740.6230649999999
2025-08-04 08:00:00+00:00,weekday,monday,atm_call,114500.0,C,short,0.007,2025-08-05 08:00:00+00:00,1,2025-08-05 08:00:00+00:00,113952.07,0.0,0.007,797.6644900000001
2025-08-04 08:00:00+00:00,weekday,monday,atm_put,114500.0,P,short,0.0055,2025-08-05 08:00:00+00:00,1,2025-08-05 08:00:00+00:00,113952.07,0.004808425156295914,0.0006915748437040853,78.80638500000698
2025-08-04 08:00:00+00:00,weekday,monday,otm_call,119000.0,C,long,0.0001,2025-08-05 08:00:00+00:00,1,2025-08-05 08:00:00+00:00,113952.07,0.0,-0.0001,-11.395207000000001
2025-08-04 08:00:00+00:00,weekday,monday,otm_put,100000.0,P,long,0.0001,2025-08-05 08:00:00+00:00,1,2025-08-05 08:00:00+00:00,113952.07,0.0,-0.0001,-11.395207000000001
2025-08-05 08:00:00+00:00,weekday,tuesday,atm_call,114000.0,C,short,0.008,2025-08-06 08:00:00+00:00,1,2025-08-06 08:00:00+00:00,114220.34,0.001929078481118131,0.006070921518881869,693.4227200000034
2025-08-05 08:00:00+00:00,weekday,tuesday,atm_put,114000.0,P,short,0.006,2025-08-06 08:00:00+00:00,1,2025-08-06 08:00:00+00:00,114220.34,0.0,0.006,685.32204
2025-08-05 08:00:00+00:00,weekday,tuesday,otm_call,120000.0,C,long,0.0001,2025-08-06 08:00:00+00:00,1,2025-08-06 08:00:00+00:00,114220.34,0.0,-0.0001,-11.422034
2025-08-05 08:00:00+00:00,weekday,tuesday,otm_put,100000.0,P,long,0.0001,2025-08-06 08:00:00+00:00,1,2025-08-06 08:00:00+00:00,114220.34,0.0,-0.0001,-11.422034
2025-08-22 08:00:00+00:00,weekday,friday,otm_call,124000.0,C,long,0.0001,2025-08-23 08:00:00+00:00,1,2025-08-23 08:00:00+00:00,115762.06,0.0,-0.0001,-11.576206
2025-08-22 08:00:00+00:00,weekday,friday,otm_put,106000.0,P,long,0.0005,2025-08-23 08:00:00+00:00,1,2025-08-23 08:00:00+00:00,115762.06,0.0,-0.0005,-57.88103
2025-08-22 08:00:00+00:00,weekday,friday,atm_call,113000.0,C,short,0.0095,2025-08-23 08:00:00+00:00,1,2025-08-23 08:00:00+00:00,115762.06,0.023859803462377895,-0.014359803462377895,-1662.3204299999977
2025-08-22 08:00:00+00:00,weekday,friday,atm_put,113000.0,P,short,0.009,2025-08-23 08:00:00+00:00,1,2025-08-23 08:00:00+00:00,115762.06,0.0,0.009,1041.85854
2025-08-29 08:00:00+00:00,weekday,friday,atm_call,110000.0,C,short,0.007,2025-08-30 08:00:00+00:00,1,2025-08-30 08:00:00+00:00,108519.24,0.0,0.007,759.63468
2025-08-29 08:00:00+00:00,weekday,friday,atm_put,110000.0,P,short,0.008,2025-08-30 08:00:00+00:00,1,2025-08-30 08:00:00+00:00,108519.24,0.01364513794973126,-0.00564513794973126,-612.6060799999946
2025-08-29 08:00:00+00:00,weekday,friday,otm_call,116000.0,C,long,0.0001,2025-08-30 08:00:00+00:00,1,2025-08-30 08:00:00+00:00,108519.24,0.0,-0.0001,-10.851924
2025-08-29 08:00:00+00:00,weekday,friday,otm_put,102000.0,P,long,0.0003,2025-08-30 08:00:00+00:00,1,2025-08-30 08:00:00+00:00,108519.24,0.0,-0.0003,-32.555772
2025-09-05 08:00:00+00:00,weekday,friday,atm_call,113000.0,C,short,0.0075,2025-09-06 08:00:00+00:00,1,2025-09-06 08:00:00+00:00,110838.71,0.0,0.0075,831.290325
2025-09-05 08:00:00+00:00,weekday,friday,atm_put,113000.0,P,short,0.01,2025-09-06 08:00:00+00:00,1,2025-09-06 08:00:00+00:00,110838.71,0.01949941496071177,-0.00949941496071177,-1052.9028999999932
2025-09-05 08:00:00+00:00,weekday,friday,otm_call,118000.0,C,long,0.0005,2025-09-06 08:00:00+00:00,1,2025-09-06 08:00:00+00:00,110838.71,0.0,-0.0005,-55.419355
2025-09-05 08:00:00+00:00,weekday,friday,otm_put,102000.0,P,long,0.0002,2025-09-06 08:00:00+00:00,1,2025-09-06 08:00:00+00:00,110838.71,0.0,-0.0002,-22.167742000000004
2025-09-08 08:00:00+00:00,weekday,monday,otm_put,102000.0,P,long,0.0001,2025-09-09 08:00:00+00:00,1,2025-09-09 08:00:00+00:00,112999.93,0.0,-0.0001,-11.299993
2025-09-08 08:00:00+00:00,weekday,monday,atm_call,111000.0,C,short,0.012,2025-09-09 08:00:00+00:00,1,2025-09-09 08:00:00+00:00,112999.93,0.017698506538897794,-0.0056985065388977935,-643.9308399999929
2025-09-08 08:00:00+00:00,weekday,monday,atm_put,111000.0,P,short,0.0035,2025-09-09 08:00:00+00:00,1,2025-09-09 08:00:00+00:00,112999.93,0.0,0.0035,395.499755
2025-09-08 08:00:00+00:00,weekday,monday,otm_call,117000.0,C,long,0.0002,2025-09-09 08:00:00+00:00,1,2025-09-09 08:00:00+00:00,112999.93,0.0,-0.0002,-22.599986
2025-09-17 08:00:00+00:00,weekday,wednesday,otm_put,108000.0,P,long,0.0002,2025-09-18 08:00:00+00:00,1,2025-09-18 08:00:00+00:00,117110.22,0.0,-0.0002,-23.422044
2025-09-17 08:00:00+00:00,weekday,wednesday,otm_call,124000.0,C,long,0.0004,2025-09-18 08:00:00+00:00,1,2025-09-18 08:00:00+00:00,117110.22,0.0,-0.0004,-46.844088
2025-09-17 08:00:00+00:00,weekday,wednesday,atm_call,117000.0,C,short,0.0105,2025-09-18 08:00:00+00:00,1,2025-09-18 08:00:00+00:00,117110.22,0.0009411646566798454,0.009558835343320155,1119.437309999999
2025-09-17 08:00:00+00:00,weekday,wednesday,atm_put,117000.0,P,short,0.008,2025-09-18 08:00:00+00:00,1,2025-09-18 08:00:00+00:00,117110.22,0.0,0.008,936.88176
2025-09-28 08:00:00+00:00,weekend,sunday,atm_call,110000.0,C,short,0.0036,2025-09-29 08:00:00+00:00,1,2025-09-29 08:00:00+00:00,111910.49,0.017071589982315376,-0.013471589982315377,-1507.6122360000054
2025-09-28 08:00:00+00:00,weekend,sunday,atm_put,109000.0,P,short,0.0032,2025-09-29 08:00:00+00:00,1,2025-09-29 08:00:00+00:00,111910.49,0.0,0.0032,358.11356800000004
2025-09-28 08:00:00+00:00,weekend,sunday,otm_call,114000.0,C,long,0.0001,2025-09-29 08:00:00+00:00,1,2025-09-29 08:00:00+00:00,111910.49,0.0,-0.0001,-11.191049000000001
2025-09-28 08:00:00+00:00,weekend,sunday,otm_put,102000.0,P,long,0.0001,2025-09-29 08:00:00+00:00,1,2025-09-29 08:00:00+00:00,111910.49,0.0,-0.0001,-11.191049000000001
2025-10-19 08:00:00+00:00,weekend,sunday,atm_call,107000.0,C,short,0.006,2025-10-20 08:00:00+00:00,1,2025-10-20 08:00:00+00:00,111234.7,0.038069954789287846,-0.03206995478928785,-3567.291799999997
2025-10-19 08:00:00+00:00,weekend,sunday,atm_put,107000.0,P,short,0.0125,2025-10-20 08:00:00+00:00,1,2025-10-20 08:00:00+00:00,111234.7,0.0,0.0125,1390.4337500000001
2025-10-19 08:00:00+00:00,weekend,sunday,otm_call,116000.0,C,long,0.0001,2025-10-20 08:00:00+00:00,1,2025-10-20 08:00:00+00:00,111234.7,0.0,-0.0001,-11.123470000000001
2025-10-19 08:00:00+00:00,weekend,sunday,otm_put,94000.0,P,long,0.0001,2025-10-20 08:00:00+00:00,1,2025-10-20 08:00:00+00:00,111234.7,0.0,-0.0001,-11.123470000000001
2025-10-26 08:00:00+00:00,weekend,sunday,otm_call,118000.0,C,long,0.0001,2025-10-27 08:00:00+00:00,1,2025-10-27 08:00:00+00:00,115028.61,0.0,-0.0001,-11.502861000000001
2025-10-26 08:00:00+00:00,weekend,sunday,otm_put,102000.0,P,long,0.0001,2025-10-27 08:00:00+00:00,1,2025-10-27 08:00:00+00:00,115028.61,0.0,-0.0001,-11.502861000000001
2025-10-26 08:00:00+00:00,weekend,sunday,atm_call,112000.0,C,short,0.007,2025-10-27 08:00:00+00:00,1,2025-10-27 08:00:00+00:00,115028.61,0.026329188886138853,-0.019329188886138854,-2223.4097300000008
2025-10-26 08:00:00+00:00,weekend,sunday,atm_put,112000.0,P,short,0.007,2025-10-27 08:00:00+00:00,1,2025-10-27 08:00:00+00:00,115028.61,0.0,0.007,805.20027
2025-10-29 08:00:00+00:00,weekday,wednesday,atm_put,113000.0,P,short,0.009,2025-10-30 08:00:00+00:00,1,2025-10-30 08:00:00+00:00,110714.01,0.020647703032344374,-0.011647703032344374,-1289.5639100000053
2025-10-29 08:00:00+00:00,weekday,wednesday,otm_call,124000.0,C,long,0.0002,2025-10-30 08:00:00+00:00,1,2025-10-30 08:00:00+00:00,110714.01,0.0,-0.0002,-22.142802
2025-10-29 08:00:00+00:00,weekday,wednesday,otm_put,104000.0,P,long,0.0003,2025-10-30 08:00:00+00:00,1,2025-10-30 08:00:00+00:00,110714.01,0.0,-0.0003,-33.214203
2025-10-29 08:00:00+00:00,weekday,wednesday,atm_call,113000.0,C,short,0.0105,2025-10-30 08:00:00+00:00,1,2025-10-30 08:00:00+00:00,110714.01,0.0,0.0105,1162.497105
2025-11-03 08:00:00+00:00,weekday,monday,atm_call,108000.0,C,short,0.006,2025-11-04 08:00:00+00:00,1,2025-11-04 08:00:00+00:00,104002.04,0.0,0.006,624.01224
2025-11-03 08:00:00+00:00,weekday,monday,atm_put,108000.0,P,short,0.013,2025-11-04 08:00:00+00:00,1,2025-11-04 08:00:00+00:00,104002.04,0.038441169038607385,-0.025441169038607388,-2645.933480000007
2025-11-03 08:00:00+00:00,weekday,monday,otm_call,116000.0,C,long,0.0001,2025-11-04 08:00:00+00:00,1,2025-11-04 08:00:00+00:00,104002.04,0.0,-0.0001,-10.400204
2025-11-03 08:00:00+00:00,weekday,monday,otm_put,102000.0,P,long,0.0004,2025-11-04 08:00:00+00:00,1,2025-11-04 08:00:00+00:00,104002.04,0.0,-0.0004,-41.600816
2025-11-19 08:00:00+00:00,weekday,wednesday,otm_put,82000.0,P,long,0.0001,2025-11-20 08:00:00+00:00,1,2025-11-20 08:00:00+00:00,92040.0,0.0,-0.0001,-9.204
2025-11-19 08:00:00+00:00,weekday,wednesday,atm_call,91000.0,C,short,0.0135,2025-11-20 08:00:00+00:00,1,2025-11-20 08:00:00+00:00,92040.0,0.011299435028248588,0.0022005649717514123,202.54
2025-11-19 08:00:00+00:00,weekday,wednesday,atm_put,91000.0,P,short,0.01,2025-11-20 08:00:00+00:00,1,2025-11-20 08:00:00+00:00,92040.0,0.0,0.01,920.4
2025-11-19 08:00:00+00:00,weekday,wednesday,otm_call,99000.0,C,long,0.0001,2025-11-20 08:00:00+00:00,1,2025-11-20 08:00:00+00:00,92040.0,0.0,-0.0001,-9.204
2025-11-26 08:00:00+00:00,weekday,wednesday,otm_put,80000.0,P,long,0.0001,2025-11-27 08:00:00+00:00,1,2025-11-27 08:00:00+00:00,91482.18,0.0,-0.0001,-9.148218
2025-11-26 08:00:00+00:00,weekday,wednesday,otm_call,94000.0,C,long,0.0002,2025-11-27 08:00:00+00:00,1,2025-11-27 08:00:00+00:00,91482.18,0.0,-0.0002,-18.296436
2025-11-26 08:00:00+00:00,weekday,wednesday,atm_call,87000.0,C,short,0.0115,2025-11-27 08:00:00+00:00,1,2025-11-27 08:00:00+00:00,91482.18,0.04899511577008761,-0.037495115770087614,-3430.1349299999933
2025-11-26 08:00:00+00:00,weekday,wednesday,atm_put,87000.0,P,short,0.006,2025-11-27 08:00:00+00:00,1,2025-11-27 08:00:00+00:00,91482.18,0.0,0.006,548.8930799999999
2025-12-07 08:00:00+00:00,weekend,sunday,atm_call,89000.0,C,short,0.011,2025-12-08 08:00:00+00:00,1,2025-12-08 08:00:00+00:00,91842.29,0.030947507950857864,-0.019947507950857864,-1832.0248099999935
2025-12-07 08:00:00+00:00,weekend,sunday,atm_put,89000.0,P,short,0.0075,2025-12-08 08:00:00+00:00,1,2025-12-08 08:00:00+00:00,91842.29,0.0,0.0075,688.8171749999999
2025-12-07 08:00:00+00:00,weekend,sunday,otm_call,97000.0,C,long,0.0001,2025-12-08 08:00:00+00:00,1,2025-12-08 08:00:00+00:00,91842.29,0.0,-0.0001,-9.184229
2025-12-07 08:00:00+00:00,weekend,sunday,otm_put,84000.0,P,long,0.0004,2025-12-08 08:00:00+00:00,1,2025-12-08 08:00:00+00:00,91842.29,0.0,-0.0004,-36.736916
2025-12-14 08:00:00+00:00,weekend,sunday,atm_call,90000.0,C,short,0.0095,2025-12-15 08:00:00+00:00,1,2025-12-15 08:00:00+00:00,89772.0,0.0,0.0095,852.834
2025-12-14 08:00:00+00:00,weekend,sunday,atm_put,90000.0,P,short,0.0065,2025-12-15 08:00:00+00:00,1,2025-12-15 08:00:00+00:00,89772.0,0.0025397674107739605,0.003960232589226039,355.518
2025-12-14 08:00:00+00:00,weekend,sunday,otm_call,95000.0,C,long,0.0001,2025-12-15 08:00:00+00:00,1,2025-12-15 08:00:00+00:00,89772.0,0.0,-0.0001,-8.9772
2025-12-14 08:00:00+00:00,weekend,sunday,otm_put,84000.0,P,long,0.0002,2025-12-15 08:00:00+00:00,1,2025-12-15 08:00:00+00:00,89772.0,0.0,-0.0002,-17.9544
2025-12-15 08:00:00+00:00,weekday,monday,atm_call,90000.0,C,short,0.0075,2025-12-16 08:00:00+00:00,1,2025-12-16 08:00:00+00:00,86266.0,0.0,0.0075,646.995
2025-12-15 08:00:00+00:00,weekday,monday,atm_put,90000.0,P,short,0.0095,2025-12-16 08:00:00+00:00,1,2025-12-16 08:00:00+00:00,86266.0,0.04328472399323024,-0.03378472399323024,-2914.4729999999995
2025-12-15 08:00:00+00:00,weekday,monday,otm_call,96000.0,C,long,0.0002,2025-12-16 08:00:00+00:00,1,2025-12-16 08:00:00+00:00,86266.0,0.0,-0.0002,-17.2532
2025-12-15 08:00:00+00:00,weekday,monday,otm_put,84000.0,P,long,0.0001,2025-12-16 08:00:00+00:00,1,2025-12-16 08:00:00+00:00,86266.0,0.0,-0.0001,-8.6266
2025-12-21 08:00:00+00:00,weekend,sunday,otm_put,82000.0,P,long,0.0001,2025-12-22 08:00:00+00:00,1,2025-12-22 08:00:00+00:00,89293.99,0.0,-0.0001,-8.929399
2025-12-21 08:00:00+00:00,weekend,sunday,otm_call,96000.0,C,long,0.0001,2025-12-22 08:00:00+00:00,1,2025-12-22 08:00:00+00:00,89293.99,0.0,-0.0001,-8.929399
2025-12-21 08:00:00+00:00,weekend,sunday,atm_call,89000.0,C,short,0.0044,2025-12-22 08:00:00+00:00,1,2025-12-22 08:00:00+00:00,89293.99,0.0032923828356197908,0.0011076171643802095,98.9035559999948
2025-12-21 08:00:00+00:00,weekend,sunday,atm_put,89000.0,P,short,0.011,2025-12-22 08:00:00+00:00,1,2025-12-22 08:00:00+00:00,89293.99,0.0,0.011,982.23389
2025-12-22 08:00:00+00:00,weekday,monday,atm_call,89000.0,C,short,0.0125,2025-12-23 08:00:00+00:00,1,2025-12-23 08:00:00+00:00,87413.29,0.0,0.0125,1092.666125
2025-12-22 08:00:00+00:00,weekday,monday,atm_put,89000.0,P,short,0.0065,2025-12-23 08:00:00+00:00,1,2025-12-23 08:00:00+00:00,87413.29,0.01815181650295975,-0.011651816502959753,-1018.5236150000067
2025-12-22 08:00:00+00:00,weekday,monday,otm_call,96000.0,C,long,0.0002,2025-12-23 08:00:00+00:00,1,2025-12-23 08:00:00+00:00,87413.29,0.0,-0.0002,-17.482658
2025-12-22 08:00:00+00:00,weekday,monday,otm_put,82000.0,P,long,0.0001,2025-12-23 08:00:00+00:00,1,2025-12-23 08:00:00+00:00,87413.29,0.0,-0.0001,-8.741329
2025-12-28 08:00:00+00:00,weekend,sunday,atm_call,88000.0,C,short,0.0055,2025-12-29 08:00:00+00:00,1,2025-12-29 08:00:00+00:00,89447.93,0.016187406460943177,-0.010687406460943178,-955.966384999993
2025-12-28 08:00:00+00:00,weekend,sunday,atm_put,88000.0,P,short,0.0085,2025-12-29 08:00:00+00:00,1,2025-12-29 08:00:00+00:00,89447.93,0.0,0.0085,760.307405
2025-12-28 08:00:00+00:00,weekend,sunday,otm_call,92000.0,C,long,0.0001,2025-12-29 08:00:00+00:00,1,2025-12-29 08:00:00+00:00,89447.93,0.0,-0.0001,-8.944792999999999
2025-12-28 08:00:00+00:00,weekend,sunday,otm_put,84000.0,P,long,0.0001,2025-12-29 08:00:00+00:00,1,2025-12-29 08:00:00+00:00,89447.93,0.0,-0.0001,-8.944792999999999
2025-12-30 08:00:00+00:00,weekday,tuesday,otm_call,92000.0,C,long,0.0002,2025-12-31 08:00:00+00:00,1,2025-12-31 08:00:00+00:00,88328.01,0.0,-0.0002,-17.665602
2025-12-30 08:00:00+00:00,weekday,tuesday,atm_call,88000.0,C,short,0.008,2025-12-31 08:00:00+00:00,1,2025-12-31 08:00:00+00:00,88328.01,0.003713544548326117,0.004286455451673883,378.61408000000523
2025-12-30 08:00:00+00:00,weekday,tuesday,atm_put,88000.0,P,short,0.011,2025-12-31 08:00:00+00:00,1,2025-12-31 08:00:00+00:00,88328.01,0.0,0.011,971.6081099999999
2025-12-30 08:00:00+00:00,weekday,tuesday,otm_put,80000.0,P,long,0.0001,2025-12-31 08:00:00+00:00,1,2025-12-31 08:00:00+00:00,88328.01,0.0,-0.0001,-8.832801
